OP_NUMERO;CUIT;PRESTADOR;NRO_COMP;TIPO;FECHA;TOTAL_ORIGINAL;SALDO;ESTE_PAGO
1-8052;30703378222;UROLIT SA;00003-00004563;FAC;08/01/2026;58393,0;58393,0;58393,0
1-8052;30703378222;UROLIT SA;00003-00004562;FAC;08/01/2026;14950,0;14950,0;14950,0
1-8211;27230899199;MARICEL EDITH REBERTE;00003-00000212;FAC;03/02/2026;294177,6;294177,6;294177,6
1-8257;30708686499;AMPARAR S.R.L;00008-00001466;FAC;05/01/2026;14374,8;11880,0;11880,0
1-8257;30708686499;AMPARAR S.R.L;00008-00001824;NCC;02/03/2026;98600,81;-98600,81;-98600,81
1-8257;30708686499;AMPARAR S.R.L;00008-00001803;FAC;03/02/2026;726056,45;726056,45;726056,45
1-8257;30708686499;AMPARAR S.R.L;00008-00001806;FAC;03/02/2026;2955934,54;2955934,54;2955934,54
1-8257;30708686499;AMPARAR S.R.L;00008-00001805;FAC;03/02/2026;314997,76;314997,76;314997,76
1-8257;30708686499;AMPARAR S.R.L;00008-00001792;FAC;02/03/2026;2028447,0;1465886,91;1465886,91
1-8257;30708686499;AMPARAR S.R.L;00008-00001824;FAC;03/04/2026;1034649,57;1034649,57;1034649,57
1-8257;30708686499;AMPARAR S.R.L;A CUENTA;AC;;0,0;0,0;0,0
1-8258;30678724447;ASOCIACION DE CLINICAS DEL NORTE DE LA;00004-00018692;FAC;09/03/2026;1296612,84;777752,09;777752,09
1-8258;30678724447;ASOCIACION DE CLINICAS DEL NORTE DE LA;00004-00018694;FAC;09/03/2026;4854948,2;4607648,45;4607648,45
1-8258;30678724447;ASOCIACION DE CLINICAS DEL NORTE DE LA;00004-00018691;FAC;09/03/2026;113487,37;105087,37;105087,37
1-8258;30678724447;ASOCIACION DE CLINICAS DEL NORTE DE LA;00004-00018693;FAC;09/03/2026;125892,02;120292,02;120292,02
1-8261;30644610256;ASOCIACION PRESTADORES DE HEMODIALISIS Y;00003-00008345;NCC;05/03/2026;3708,0;-3708,0;-3708,0
1-8261;30644610256;ASOCIACION PRESTADORES DE HEMODIALISIS Y;00003-00008358;FAC;09/03/2026;25767642,0;24080000,0;24080000,0
1-8261;30644610256;ASOCIACION PRESTADORES DE HEMODIALISIS Y;00003-00008345;FAC;05/03/2026;7363524,0;7363524,0;7363524,0
1-8263;30715649159;CAMARA DE ENTIDADES DE SALUD - CES;00005-00001419;FAC;05/03/2026;358065,0;341665,0;341665,0
1-8263;30715649159;CAMARA DE ENTIDADES DE SALUD - CES;00005-00001415;FAC;05/03/2026;31660582,55;18927327,12;18927327,12
1-8263;30715649159;CAMARA DE ENTIDADES DE SALUD - CES;00005-00001416;FAC;05/03/2026;1213637,0;849979,0;849979,0
1-8263;30715649159;CAMARA DE ENTIDADES DE SALUD - CES;00005-00001417;FAC;05/03/2026;116530,0;87733,0;87733,0
1-8263;30715649159;CAMARA DE ENTIDADES DE SALUD - CES;00005-00001418;FAC;05/03/2026;700582,15;700582,15;700582,15
1-8264;30714353493;CEMO S.A.;00004-00009987;NCC;28/02/2026;8400,0;-8400,0;-8400,0
1-8264;30714353493;CEMO S.A.;00004-00009985;FAC;28/02/2026;704,33;704,33;704,33
1-8264;30714353493;CEMO S.A.;00004-00009986;FAC;28/02/2026;13408,66;13408,66;13408,66
1-8264;30714353493;CEMO S.A.;00004-00009987;FAC;28/02/2026;149852,2;149852,2;149852,2
1-8267;30715190253;CIDI S.A;00001-00006529;FAC;28/02/2026;1197987,38;522898,69;522898,69
1-8267;30715190253;CIDI S.A;00001-00006566;FAC;28/02/2026;10464,0;10464,0;10464,0
1-8267;30715190253;CIDI S.A;A CUENTA;AC;;0,0;0,0;0,0
1-8268;30674856756;CIRCULO DE PROFESIONALES DE LA;00004-00003185;FAC;04/03/2026;542500,0;542500,0;542500,0
1-8270;30566278207;CIRCULO MEDICO REGIONAL RIO TERCERO;00060-00000530;FAC;11/02/2026;90303,0;90303,0;90303,0
1-8270;30566278207;CIRCULO MEDICO REGIONAL RIO TERCERO;00060-00000529;FAC;11/03/2026;2261898,74;2147432,4;2147432,4
1-8270;30566278207;CIRCULO MEDICO REGIONAL RIO TERCERO;00060-00000556;FAC;11/03/2026;34625,04;34625,04;34625,04
1-8270;30566278207;CIRCULO MEDICO REGIONAL RIO TERCERO;00060-00000555;FAC;11/03/2026;357358,85;357358,85;357358,85
1-8271;30645574326;CLINICA PRIVADA DE ESPECIALIDADES DE;00004-00013801;FAC;05/03/2026;3204114,81;2730179,28;2730179,28
1-8273;30682285431;CLINICA PRIVADA COAT S. R. L.;00005-00005100;FAC;06/03/2026;50290,0;50290,0;50290,0
1-8273;30682285431;CLINICA PRIVADA COAT S. R. L.;00005-00005103;FAC;06/03/2026;25000,0;25000,0;25000,0
1-8273;30682285431;CLINICA PRIVADA COAT S. R. L.;00005-00005105;FAC;06/03/2026;192600,0;192600,0;192600,0
1-8274;30660567840;CLINICA PRIVADA DE LA CIUDAD SOC RESP;00010-00003960;FAC;04/03/2026;12541,71;12541,71;12541,71
1-8274;30660567840;CLINICA PRIVADA DE LA CIUDAD SOC RESP;00010-00003961;FAC;04/03/2026;327908,54;327908,54;327908,54
1-8274;30660567840;CLINICA PRIVADA DE LA CIUDAD SOC RESP;00010-00003979;FAC;05/03/2026;286230,12;286230,12;286230,12
1-8274;30660567840;CLINICA PRIVADA DE LA CIUDAD SOC RESP;00010-00003984;FAC;05/03/2026;14161,71;14161,71;14161,71
1-8276;30608875227;CLINICA PRIVADA INTEGRAL DE PSIQUIATRIA;00003-00000259;NCC;03/04/2026;155740,0;-155740,0;-155740,0
1-8276;30608875227;CLINICA PRIVADA INTEGRAL DE PSIQUIATRIA;00003-00000246;FAC;02/03/2026;495000,0;330000,0;330000,0
1-8276;30608875227;CLINICA PRIVADA INTEGRAL DE PSIQUIATRIA;00003-00000245;FAC;02/03/2026;2464000,0;2464000,0;2464000,0
1-8276;30608875227;CLINICA PRIVADA INTEGRAL DE PSIQUIATRIA;00003-00000249;FAC;03/03/2026;120970,0;76670,0;76670,0
1-8276;30608875227;CLINICA PRIVADA INTEGRAL DE PSIQUIATRIA;00003-00000250;FAC;03/03/2026;59800,0;47600,0;47600,0
1-8276;30608875227;CLINICA PRIVADA INTEGRAL DE PSIQUIATRIA;00003-00000252;FAC;03/03/2026;27234,0;27234,0;27234,0
1-8276;30608875227;CLINICA PRIVADA INTEGRAL DE PSIQUIATRIA;00003-00000253;FAC;03/03/2026;619431,0;619431,0;619431,0
1-8276;30608875227;CLINICA PRIVADA INTEGRAL DE PSIQUIATRIA;00003-00000251;FAC;03/03/2026;102030,0;102030,0;102030,0
1-8276;30608875227;CLINICA PRIVADA INTEGRAL DE PSIQUIATRIA;00003-00000259;FAC;04/03/2026;762200,0;762200,0;762200,0
1-8277;30546133865;CLINICA PRIVADA JESUS MARIA DR ANIBAL;00008-00011879;FAC;06/03/2026;64767,88;55217,88;55217,88
1-8277;30546133865;CLINICA PRIVADA JESUS MARIA DR ANIBAL;00008-00011873;FAC;06/03/2026;336114,73;313014,73;313014,73
1-8281;30553588266;COLEGIO MED REG DEL SUR DE CBA;00002-00003486;FAC;06/03/2026;577376,09;574933,59;574933,59
1-8282;30552575292;COLEGIO MEDICO DE OLIVA;00005-00002793;FAC;25/02/2026;510826,8;198776,8;198776,8
1-8283;30555217419;COLEGIO MEDICO REGIONAL ARROYITO;00004-00009497;FAC;05/03/2026;30587,17;30587,17;30587,17
1-8283;30555217419;COLEGIO MEDICO REGIONAL ARROYITO;00004-00009521;FAC;09/03/2026;2834992,74;2765428,51;2765428,51
1-8285;30680565224;COSEME SA;00046-00004403;FAC;02/03/2026;15766,62;15766,62;15766,62
1-8285;30680565224;COSEME SA;00046-00004402;FAC;02/03/2026;227170,48;215392,8;215392,8
1-8285;30680565224;COSEME SA;00046-00004408;FAC;02/03/2026;20945,33;19947,93;19947,93
1-8285;30680565224;COSEME SA;00046-00004454;NCC;03/05/2026;19279,04;-19279,04;-19279,04
1-8285;30680565224;COSEME SA;00046-00004454;FAC;05/03/2026;60981,32;60981,32;60981,32
1-8286;30623442566;DE LA VILLA SERVICIOS ASISTENCIALES S.A.;00004-00015410;FAC;05/03/2026;19452,79;19452,79;19452,79
1-8286;30623442566;DE LA VILLA SERVICIOS ASISTENCIALES S.A.;00004-00015409;FAC;05/03/2026;1337850,46;1337850,46;1337850,46
1-8286;30623442566;DE LA VILLA SERVICIOS ASISTENCIALES S.A.;00004-00015412;FAC;05/03/2026;26189,49;26189,49;26189,49
1-8286;30623442566;DE LA VILLA SERVICIOS ASISTENCIALES S.A.;00004-00015411;FAC;05/03/2026;79174,55;79174,55;79174,55
1-8286;30623442566;DE LA VILLA SERVICIOS ASISTENCIALES S.A.;00004-00015420;FAC;06/03/2026;39544,14;39544,14;39544,14
1-8286;30623442566;DE LA VILLA SERVICIOS ASISTENCIALES S.A.;00004-00015419;FAC;06/03/2026;43892,36;43892,36;43892,36
1-8287;30602764032;ECCO S A;00203-00158006;FAC;06/03/2026;1800000,0;1800000,0;1800000,0
1-8288;30708910208;EL JUNCO SERVICIOS SOCIALES SA;00118-00000721;FAC;06/03/2026;12810,0;12810,0;12810,0
1-8288;30708910208;EL JUNCO SERVICIOS SOCIALES SA;00118-00000718;FAC;05/03/2026;9100,0;9100,0;9100,0
1-8288;30708910208;EL JUNCO SERVICIOS SOCIALES SA;00118-00000717;FAC;05/03/2026;132500,0;132500,0;132500,0
1-8288;30708910208;EL JUNCO SERVICIOS SOCIALES SA;00118-00000719;FAC;05/03/2026;224460,0;224460,0;224460,0
1-8288;30708910208;EL JUNCO SERVICIOS SOCIALES SA;00118-00000716;FAC;05/03/2026;119172,0;119172,0;119172,0
1-8291;30709242195;FUNDACION FECUNDART;00006-00000033;FAC;10/03/2026;216159,6;216159,6;216159,6
1-8293;30716142015;GPAL BIOQUIMICA CLINICA S.A.S.;00003-00000010;FAC;07/03/2026;223975,0;192253,0;192253,0
1-8293;30716142015;GPAL BIOQUIMICA CLINICA S.A.S.;00003-00000011;FAC;09/03/2026;192100,0;192100,0;192100,0
1-8293;30716142015;GPAL BIOQUIMICA CLINICA S.A.S.;00003-00000013;FAC;10/03/2026;1041683,5;1030300,0;1030300,0
1-8293;30716142015;GPAL BIOQUIMICA CLINICA S.A.S.;00003-00000012;FAC;10/03/2026;575875,0;489287,0;489287,0
1-8294;30709290866;GRUPO OPTICO SA;00015-00005033;FAC;09/03/2026;46560,0;23280,0;23280,0
1-8294;30709290866;GRUPO OPTICO SA;00015-00005032;FAC;09/03/2026;212616,0;212616,0;212616,0
1-8294;30709290866;GRUPO OPTICO SA;00015-00005034;FAC;09/03/2026;16128,0;16128,0;16128,0
1-8295;30659560093;INSTITUTO PRIVADO DE NEONATOLOGIA Y;00300-00016290;FAC;05/03/2026;138804,0;138804,0;138804,0
1-8295;30659560093;INSTITUTO PRIVADO DE NEONATOLOGIA Y;00500-00043223;FAC;05/03/2026;390498,0;390498,0;390498,0
1-8295;30659560093;INSTITUTO PRIVADO DE NEONATOLOGIA Y;00500-00043216;FAC;05/03/2026;469285,0;469285,0;469285,0
1-8295;30659560093;INSTITUTO PRIVADO DE NEONATOLOGIA Y;00500-00043219;FAC;05/03/2026;41438,0;41438,0;41438,0
1-8295;30659560093;INSTITUTO PRIVADO DE NEONATOLOGIA Y;00300-00016293;FAC;05/03/2026;103167,0;92303,2;92303,2
1-8296;30606141579;INSTITUTO PRIVADO DE RADIOTERAPIA S A;00004-00003633;FAC;04/03/2026;4326000,0;4326000,0;4326000,0
1-8298;30716824809;NEUROTEAM S.A.S.;00001-00001092;FAC;10/03/2026;4000000,0;4000000,0;4000000,0
1-8299;20253634872;PABLO GABRIEL MIGLIERINI;00004-00000297;FAC;01/04/2026;8551000,01;8551000,01;8551000,01
1-8300;30677558888;PARQUE SALUD S A;00150-00010955;FAC;04/03/2026;200400,0;167000,0;167000,0
1-8301;30708276878;PROMET S.R.L.;00008-00002032;FAC;02/02/2026;3994106,16;3994106,16;3994106,16
1-8301;30708276878;PROMET S.R.L.;00008-00002041;FAC;10/02/2026;175477,0;175477,0;175477,0
1-8301;30708276878;PROMET S.R.L.;00008-00002040;FAC;10/02/2026;1337253,0;1333218,0;1333218,0
1-8302;30694300487;RESONANCIA MAGNETICA SRL;00006-00000099;FAC;28/02/2026;748538,44;534603,94;534603,94
1-8302;30694300487;RESONANCIA MAGNETICA SRL;A CUENTA;AC;;0,0;0,0;0,0
1-8304;30709956880;SAN FRANCISCO SALUD-CONSORCIO DE;00003-00051764;FAC;11/02/2026;1190238,48;1060317,27;1060317,27
1-8304;30709956880;SAN FRANCISCO SALUD-CONSORCIO DE;00003-00051763;FAC;11/02/2026;2791268,43;2739623,28;2739623,28
1-8304;30709956880;SAN FRANCISCO SALUD-CONSORCIO DE;00004-00004507;FAC;11/02/2026;1637791,99;1273471,72;1273471,72
1-8304;30709956880;SAN FRANCISCO SALUD-CONSORCIO DE;00004-00004508;FAC;11/02/2026;6097795,82;5434318,15;5434318,15
1-8304;30709956880;SAN FRANCISCO SALUD-CONSORCIO DE;00004-00004837;FAC;13/03/2026;2140392,99;1777038,61;1777038,61
1-8304;30709956880;SAN FRANCISCO SALUD-CONSORCIO DE;00003-00052846;FAC;13/03/2026;538004,81;538004,81;538004,81
1-8304;30709956880;SAN FRANCISCO SALUD-CONSORCIO DE;00003-00053175;FAC;13/03/2026;1304701,43;1141201,34;1141201,34
1-8304;30709956880;SAN FRANCISCO SALUD-CONSORCIO DE;00004-00004741;FAC;13/03/2026;1471134,97;1105229,21;1105229,21
1-8305;30545879138;SANATORIO MORRA S A;00010-00004647;FAC;03/03/2026;27483,47;27483,47;27483,47
1-8305;30545879138;SANATORIO MORRA S A;00010-00004646;FAC;03/03/2026;26300,0;26300,0;26300,0
1-8305;30545879138;SANATORIO MORRA S A;00010-00004677;FAC;06/03/2026;747174,17;747174,17;747174,17
1-8306;30715227696;;00003-00005587;FAC;09/03/2026;92000,0;92000,0;92000,0
1-8306;30715227696;;00003-00005588;FAC;09/03/2026;271240,0;271240,0;271240,0
1-8307;30716784386;SOLBO S.A.S.;00001-00000440;FAC;08/03/2026;51800,0;51800,0;51800,0
1-8307;30716784386;SOLBO S.A.S.;00001-00000443;FAC;09/03/2026;555173,54;555173,54;555173,54
1-8307;30716784386;SOLBO S.A.S.;00001-00000444;FAC;09/03/2026;244111,34;244111,34;244111,34
1-8308;30711999074;UNIDAD DIGESTIVA BAISTROCCHI S.R.L.;00003-00001989;FAC;06/03/2026;245500,0;163900,0;163900,0
1-8308;30711999074;UNIDAD DIGESTIVA BAISTROCCHI S.R.L.;00003-00001988;FAC;06/03/2026;689580,0;644780,0;644780,0
1-8313;30615571454;CLINICA PRIVADA DEL SOL S.A.;00008-00020376;FAC;06/03/2026;2837156,92;2324200,75;2324200,75
1-8313;30615571454;CLINICA PRIVADA DEL SOL S.A.;00008-00020469;FAC;10/03/2026;378451,43;372531,59;372531,59
1-8314;30580553040;POLICLINICO PRIVADO SAN LUCAS S A;00110-00021779;FAC;04/03/2026;14119,33;14119,33;14119,33
1-8314;30580553040;POLICLINICO PRIVADO SAN LUCAS S A;00110-00021778;FAC;04/03/2026;244225,71;244225,71;244225,71
1-8314;30580553040;POLICLINICO PRIVADO SAN LUCAS S A;00110-00000356;FAC;23/01/2026;55292,99;55292,99;55292,99
1-8315;30689767946;SANATORIO DEL SALVADOR PRIVADO SA;00011-00022834;FAC;28/02/2026;1116038,37;1109752,8;1109752,8
1-8315;30689767946;SANATORIO DEL SALVADOR PRIVADO SA;00011-00023994;FAC;28/02/2026;1125506,23;924509,37;924509,37
1-8315;30689767946;SANATORIO DEL SALVADOR PRIVADO SA;00011-00022684;FAC;28/02/2026;985431,88;985431,88;985431,88
1-8315;30689767946;SANATORIO DEL SALVADOR PRIVADO SA;00011-00022820;FAC;28/02/2026;1486142,73;1403934,03;1403934,03
1-8125;30708686499;AMPARAR S.R.L;00008-00001611;FAC;02/02/2026;728246,64;696480,48;696480,48
1-8125;30708686499;AMPARAR S.R.L;00008-00001613;FAC;02/02/2026;2749702,56;2749702,56;2749702,56
1-8125;30708686499;AMPARAR S.R.L;00008-00001612;FAC;02/02/2026;299255,04;299255,04;299255,04
1-8125;30708686499;AMPARAR S.R.L;00008-00001643;FAC;03/02/2026;14374,8;14374,8;14374,8
1-8125;30708686499;AMPARAR S.R.L;00008-00001643;NCC;03/02/2026;2494,8;-2494,8;-2494,8
1-8183;30562336237;SANATORIO PARQUE S A;00005-00009438;FAC;02/02/2026;18540,0;18540,0;18540,0
1-8224;30709702978;PROYECTOS INNOVADORES S R L;00002-00000090;FAC;19/02/2026;3630000,0;3630000,0;3630000,0
1-7801;27179300988;NORMA BEATRIZ ROGGERO;00002-00000015;FAC;05/12/2025;250784,6;250784,6;250784,6
1-7801;27179300988;NORMA BEATRIZ ROGGERO;00002-00000016;NCC;07/01/2026;8478,6;-8478,6;-8478,6
1-7801;27179300988;NORMA BEATRIZ ROGGERO;00002-00000016;FAC;07/01/2026;236276,4;236276,4;236276,4
1-7801;27179300988;NORMA BEATRIZ ROGGERO;00002-00000017;FAC;08/01/2026;5363,7;5363,7;5363,7
1-7801;27179300988;NORMA BEATRIZ ROGGERO;00002-00000018;FAC;05/02/2026;366269,15;366269,15;366269,15
1-7811;23398217144;JAZMIN BELEN DI BERT;00001-00000347;FAC;04/12/2025;62051,04;62051,04;62051,04
1-7984;30708686499;AMPARAR S.R.L;00008-00001559;FAC;14/01/2025;2749702,56;2749702,56;2749702,56
1-7984;30708686499;AMPARAR S.R.L;00008-00001346;FAC;10/12/2025;13310,0;11000,0;11000,0
1-7984;30708686499;AMPARAR S.R.L;00008-00001396;FAC;18/12/2025;306973,92;306973,92;306973,92
1-7984;30708686499;AMPARAR S.R.L;00008-00001395;FAC;18/12/2025;708868,24;708868,24;708868,24
1-7984;30708686499;AMPARAR S.R.L;00008-00001424;FAC;23/12/2025;2933174,4;2933174,4;2933174,4
1-7984;30708686499;AMPARAR S.R.L;00008-00001540;FAC;08/01/2026;308161,44;308161,44;308161,44
1-7984;30708686499;AMPARAR S.R.L;00008-00001539;FAC;08/01/2026;735668,64;735668,64;735668,64
1-7984;30708686499;AMPARAR S.R.L;00008-00001554;NCC;09/01/2026;57841,64;-57841,64;-57841,64
1-7984;30708686499;AMPARAR S.R.L;00008-00001554;FAC;09/01/2026;261058,98;261058,98;261058,98
1-7985;30678724447;ASOCIACION DE CLINICAS DEL NORTE DE LA;00004-00018352;FAC;09/01/2026;699350,0;627028,0;627028,0
1-7985;30678724447;ASOCIACION DE CLINICAS DEL NORTE DE LA;00004-00018380;FAC;09/01/2026;645229,2;619890,58;619890,58
1-7985;30678724447;ASOCIACION DE CLINICAS DEL NORTE DE LA;00004-00018351;FAC;09/01/2026;4218893,0;4063921,0;4063921,0
1-7985;30678724447;ASOCIACION DE CLINICAS DEL NORTE DE LA;00004-00018350;FAC;09/01/2026;158187,13;114576,41;114576,41
1-7985;30678724447;ASOCIACION DE CLINICAS DEL NORTE DE LA;00004-00018353;FAC;06/01/2026;170532,0;138932,0;138932,0
1-7986;30707403809;ASOCIACION DE MEDICOS PATOLOGOS Y;00002-00003384;FAC;09/01/2026;36000,0;36000,0;36000,0
1-7987;30709634964;BARIATRICA S.A.;00002-00001166;FAC;06/01/2026;196006,45;196006,45;196006,45
1-7988;30715649159;CAMARA DE ENTIDADES DE SALUD - CES;00005-00001197;FAC;08/01/2026;8895237,85;7942074,85;7942074,85
1-7988;30715649159;CAMARA DE ENTIDADES DE SALUD - CES;00005-00001198;FAC;08/01/2026;2979882,0;2519624,0;2519624,0
1-7988;30715649159;CAMARA DE ENTIDADES DE SALUD - CES;00005-00001199;FAC;09/01/2026;99519,0;79119,0;79119,0
1-7988;30715649159;CAMARA DE ENTIDADES DE SALUD - CES;00005-00001207;FAC;09/01/2026;1247690,0;1247690,0;1247690,0
1-7988;30715649159;CAMARA DE ENTIDADES DE SALUD - CES;00005-00001208;FAC;09/01/2026;308287,0;272894,0;272894,0
1-7988;30715649159;CAMARA DE ENTIDADES DE SALUD - CES;A CUENTA;AC;;0,0;0,0;0,0
1-7989;30714353493;CEMO S.A.;00004-00009753;FAC;31/12/2025;1715823,39;1715823,39;1715823,39
1-7989;30714353493;CEMO S.A.;00004-00009754;FAC;31/12/2025;174309,59;174309,59;174309,59
1-7989;30714353493;CEMO S.A.;00004-00009755;FAC;31/12/2025;20745,46;20745,46;20745,46
1-7990;30715347756;CENTRO MEDICO PRIVADO SAN ANDRES SRL;00001-00003964;FAC;05/01/2026;323952,0;323952,0;323952,0
1-7991;30715316338;CENTRO MEDICO ROENTGEN S.R.L.;00003-00004401;FAC;05/01/2026;38322,84;38322,84;38322,84
1-7991;30715316338;CENTRO MEDICO ROENTGEN S.R.L.;00003-00004399;FAC;05/01/2026;83778,88;83778,88;83778,88
1-7991;30715316338;CENTRO MEDICO ROENTGEN S.R.L.;00003-00004400;FAC;05/01/2026;32980,44;32980,44;32980,44
1-7992;30574596951;CENTRO PRIVADO TOMOGRAFIA COMPUTADA;00037-00027077;FAC;07/01/2026;791865,12;791865,12;791865,12
1-7993;30715190253;CIDI S.A;00001-00006384;FAC;31/12/2025;854053,12;762232,65;762232,65
1-7994;30674856756;CIRCULO DE PROFESIONALES DE LA;00003-00000312;FAC;15/01/2026;775000,0;716500,0;716500,0
1-7995;30566278207;CIRCULO MEDICO REGIONAL RIO TERCERO;00060-00000481;FAC;08/01/2026;337602,19;335233,19;335233,19
1-7995;30566278207;CIRCULO MEDICO REGIONAL RIO TERCERO;00060-00000482;FAC;08/01/2026;37459,07;37459,07;37459,07
1-7995;30566278207;CIRCULO MEDICO REGIONAL RIO TERCERO;00060-00000483;FAC;08/01/2026;71268,0;71268,0;71268,0
1-7995;30566278207;CIRCULO MEDICO REGIONAL RIO TERCERO;00060-00000481;FAC;08/01/2026;337602,19;335233,19;335233,19
1-7995;30566278207;CIRCULO MEDICO REGIONAL RIO TERCERO;00060-00000482;FAC;08/01/2026;37459,07;37459,07;37459,07
1-7995;30566278207;CIRCULO MEDICO REGIONAL RIO TERCERO;00060-00000483;FAC;08/01/2026;71268,0;71268,0;71268,0
1-7996;30708237791;CLINICA PRIVADA DEAN FUNES S.R.L.;00004-00000830;FAC;30/11/2025;48139,0;48139,0;48139,0
1-7996;30708237791;CLINICA PRIVADA DEAN FUNES S.R.L.;00004-00000868;FAC;31/12/2025;89908,0;89908,0;89908,0
1-7996;30708237791;CLINICA PRIVADA DEAN FUNES S.R.L.;00004-00000887;FAC;31/12/2025;1871520,28;1859520,28;1859520,28
1-7997;30596272165;CLINICA PRIVADA CARAFFA SRL;00015-00001145;FAC;30/12/2025;75391,2;71276,88;71276,88
1-7997;30596272165;CLINICA PRIVADA CARAFFA SRL;00009-00003706;FAC;06/01/2026;475803,49;394570,93;394570,93
1-7997;30596272165;CLINICA PRIVADA CARAFFA SRL;00009-00003707;FAC;06/01/2026;9522,96;9522,96;9522,96
1-7997;30596272165;CLINICA PRIVADA CARAFFA SRL;00008-00001230;NCC;06/01/2026;250406,72;-250406,72;-250406,72
1-7997;30596272165;CLINICA PRIVADA CARAFFA SRL;00008-00001230;FAC;06/01/2026;3129948,72;3129948,72;3129948,72
1-7998;30682285431;CLINICA PRIVADA COAT S. R. L.;00005-00005003;FAC;23/12/2025;102575,0;102575,0;102575,0
1-7998;30682285431;CLINICA PRIVADA COAT S. R. L.;00005-00004968;FAC;23/12/2025;144789,17;144789,17;144789,17
1-7998;30682285431;CLINICA PRIVADA COAT S. R. L.;00005-00005004;FAC;23/12/2025;18849,75;18849,75;18849,75
1-7999;30645574326;CLINICA PRIVADA DE ESPECIALIDADES DE;00004-00013644;FAC;05/01/2026;267496,34;245484,92;245484,92
1-8000;30710118821;CENTRO UROLOGICO PROFESOR BENGIO S A;00003-00003220;FAC;06/01/2026;3100,0;3100,0;3100,0
1-8000;30710118821;CENTRO UROLOGICO PROFESOR BENGIO S A;00003-00003223;FAC;06/01/2026;8500,0;8500,0;8500,0
1-8001;30660567840;CLINICA PRIVADA DE LA CIUDAD SOC RESP;00010-00003812;FAC;26/12/2025;362296,09;362296,09;362296,09
1-8001;30660567840;CLINICA PRIVADA DE LA CIUDAD SOC RESP;00010-00003814;FAC;26/12/2025;23323,56;23323,56;23323,56
1-8001;30660567840;CLINICA PRIVADA DE LA CIUDAD SOC RESP;00010-00003813;FAC;26/12/2025;26862,6;26862,6;26862,6
1-8001;30660567840;CLINICA PRIVADA DE LA CIUDAD SOC RESP;00010-00003857;FAC;02/01/2026;87537,52;87537,52;87537,52
1-8001;30660567840;CLINICA PRIVADA DE LA CIUDAD SOC RESP;00010-00000062;NDC;03/02/2026;19729,48;19729,48;19729,48
1-8001;30660567840;CLINICA PRIVADA DE LA CIUDAD SOC RESP;00010-00000060;NDC;13/11/2026;182895,94;182895,94;182895,94
1-8002;30615571454;CLINICA PRIVADA DEL SOL S.A.;00008-00020032;FAC;08/01/2026;772625,6;518989,44;518989,44
1-8002;30615571454;CLINICA PRIVADA DEL SOL S.A.;00008-00020056;FAC;09/01/2026;295317,0;295317,0;295317,0
1-8003;30608875227;CLINICA PRIVADA INTEGRAL DE PSIQUIATRIA;00003-00000210;FAC;05/01/2026;61859,0;47139,0;47139,0
1-8003;30608875227;CLINICA PRIVADA INTEGRAL DE PSIQUIATRIA;00003-00000208;FAC;05/01/2026;809372,0;711160,0;711160,0
1-8003;30608875227;CLINICA PRIVADA INTEGRAL DE PSIQUIATRIA;00003-00000207;FAC;05/01/2026;12400,0;12400,0;12400,0
1-8004;30546133865;CLINICA PRIVADA JESUS MARIA DR ANIBAL;00008-00011740;FAC;07/01/2026;100725,76;88725,76;88725,76
1-8004;30546133865;CLINICA PRIVADA JESUS MARIA DR ANIBAL;00008-00011742;FAC;07/01/2026;198626,94;180986,94;180986,94
1-8005;30680944691;CLINICA PRIVADA REGIONAL S R L;00007-00002553;FAC;24/10/2025;241585,65;241585,65;241585,65
1-8005;30680944691;CLINICA PRIVADA REGIONAL S R L;00005-00000314;FAC;09/01/2026;68045,55;68045,55;68045,55
1-8006;30615748966;CLINICA PRIVADA SAINT MICHEL SRL;00005-00008952;FAC;02/01/2026;25024,0;25024,0;25024,0
1-8007;33711273129;CLINICA PRIVADA SANTA MARIA S.A.;00004-00012568;FAC;31/12/2025;47967,65;47967,65;47967,65
1-8007;33711273129;CLINICA PRIVADA SANTA MARIA S.A.;00004-00012623;FAC;31/12/2025;23851,72;23851,72;23851,72
1-8007;33711273129;CLINICA PRIVADA SANTA MARIA S.A.;00004-00012624;FAC;31/12/2025;469914,72;469914,72;469914,72
1-8007;33711273129;CLINICA PRIVADA SANTA MARIA S.A.;00004-00012566;FAC;31/12/2025;110106,25;110106,25;110106,25
1-8007;33711273129;CLINICA PRIVADA SANTA MARIA S.A.;00004-00012625;FAC;31/12/2025;21717,21;21717,21;21717,21
1-8007;33711273129;CLINICA PRIVADA SANTA MARIA S.A.;00004-00012567;FAC;31/12/2025;34792,58;34792,58;34792,58
1-8007;33711273129;CLINICA PRIVADA SANTA MARIA S.A.;00004-00000125;NDC;04/02/2026;77072,11;77072,11;77072,11
1-8007;33711273129;CLINICA PRIVADA SANTA MARIA S.A.;00004-00000122;NDC;13/11/2026;38745,63;38745,63;38745,63
1-8008;30553588266;COLEGIO MED REG DEL SUR DE CBA;00002-00003415;FAC;08/01/2026;355854,22;337154,22;337154,22
1-8009;30623578743;COLEGIO PROFESIONAL DE KINESIOLOGOS Y;00002-00006972;FAC;07/01/2026;156000,0;156000,0;156000,0
1-8010;30623442566;DE LA VILLA SERVICIOS ASISTENCIALES S.A.;00004-00015202;FAC;06/01/2026;57786,21;57786,21;57786,21
1-8010;30623442566;DE LA VILLA SERVICIOS ASISTENCIALES S.A.;00004-00015196;FAC;06/01/2026;24567,27;24567,27;24567,27
1-8010;30623442566;DE LA VILLA SERVICIOS ASISTENCIALES S.A.;00004-00015197;FAC;06/01/2026;37284,51;37284,51;37284,51
1-8010;30623442566;DE LA VILLA SERVICIOS ASISTENCIALES S.A.;00004-00015198;FAC;06/01/2026;1496434,1;1496434,1;1496434,1
1-8010;30623442566;DE LA VILLA SERVICIOS ASISTENCIALES S.A.;00004-00015203;FAC;06/01/2026;84949,96;84949,96;84949,96
1-8010;30623442566;DE LA VILLA SERVICIOS ASISTENCIALES S.A.;00004-00015199;FAC;06/01/2026;65177,05;65177,05;65177,05
1-8010;30623442566;DE LA VILLA SERVICIOS ASISTENCIALES S.A.;00004-00015200;FAC;06/01/2026;83665,32;83665,32;83665,32
1-8010;30623442566;DE LA VILLA SERVICIOS ASISTENCIALES S.A.;00004-00015201;FAC;06/01/2026;168450,14;168450,14;168450,14
1-8010;30623442566;DE LA VILLA SERVICIOS ASISTENCIALES S.A.;00004-00000416;NDC;03/02/2026;112783,24;112783,24;112783,24
1-8010;30623442566;DE LA VILLA SERVICIOS ASISTENCIALES S.A.;00004-00000410;NDC;13/11/2026;44742,36;44742,36;44742,36
1-8011;30602764032;ECCO S A;00203-00152580;FAC;22/12/2025;4076905,8;4076905,8;4076905,8
1-8011;30602764032;ECCO S A;00203-00152579;FAC;22/12/2025;2878520,4;2878520,4;2878520,4
1-8012;30708910208;EL JUNCO SERVICIOS SOCIALES SA;00118-00000686;FAC;07/01/2026;169653,76;169653,76;169653,76
1-8012;30708910208;EL JUNCO SERVICIOS SOCIALES SA;00118-00000685;FAC;07/01/2026;121126,88;108316,88;108316,88
1-8012;30708910208;EL JUNCO SERVICIOS SOCIALES SA;00118-00000687;FAC;07/01/2026;18300,0;18300,0;18300,0
1-8013;30717147835;ESTIX S.A.S.;00004-00000391;FAC;08/01/2026;866906,52;844429,3;844429,3
1-8014;33577427009;FEDERACION DE BIOQUIMICOS DE LA;00005-00005623;FAC;09/01/2026;324002,5;240110,0;240110,0
1-8014;33577427009;FEDERACION DE BIOQUIMICOS DE LA;00005-00005624;FAC;09/01/2026;1256281,55;1116620,05;1116620,05
1-8015;30714398454;FUNDACION CENTRO PREVENCION Y ATENCION;00004-00002463;FAC;02/01/2026;600000,0;600000,0;600000,0
1-8016;30709242195;FUNDACION FECUNDART;00004-00027605;FAC;07/01/2026;235794,6;235794,6;235794,6
1-8017;30716142015;GPAL BIOQUIMICA CLINICA S.A.S.;00002-00001324;FAC;08/01/2026;116769,0;107594,0;107594,0
1-8017;30716142015;GPAL BIOQUIMICA CLINICA S.A.S.;00002-00001326;FAC;08/01/2026;664008,5;634308,5;634308,5
1-8017;30716142015;GPAL BIOQUIMICA CLINICA S.A.S.;00002-00001325;FAC;08/01/2026;693951,0;651501,0;651501,0
1-8017;30716142015;GPAL BIOQUIMICA CLINICA S.A.S.;00002-00001323;FAC;08/01/2026;422688,5;422688,5;422688,5
1-8018;30709290866;GRUPO OPTICO SA;00015-00004851;FAC;06/12/2025;197934,0;197934,0;197934,0
1-8018;30709290866;GRUPO OPTICO SA;00015-00004850;FAC;06/12/2025;21780,0;21780,0;21780,0
1-8018;30709290866;GRUPO OPTICO SA;00015-00004895;FAC;07/01/2026;215832,0;215832,0;215832,0
1-8018;30709290866;GRUPO OPTICO SA;00015-00004896;FAC;07/01/2026;24000,0;24000,0;24000,0
1-8018;30709290866;GRUPO OPTICO SA;00015-00004898;FAC;08/01/2026;16128,0;16128,0;16128,0
1-8019;30698852441;IMAGENES S R L PRIVADO;00006-00001862;FAC;31/12/2025;171556,63;171556,63;171556,63
1-8020;30659560093;INSTITUTO PRIVADO DE NEONATOLOGIA Y;00500-00042403;FAC;06/01/2026;94455,01;90572,91;90572,91
1-8020;30659560093;INSTITUTO PRIVADO DE NEONATOLOGIA Y;00500-00042396;FAC;06/01/2026;24270,0;24270,0;24270,0
1-8020;30659560093;INSTITUTO PRIVADO DE NEONATOLOGIA Y;00500-00042397;FAC;06/01/2026;14523,0;14523,0;14523,0
1-8020;30659560093;INSTITUTO PRIVADO DE NEONATOLOGIA Y;00500-00042390;FAC;06/01/2026;371158,0;367740,0;367740,0
1-8020;30659560093;INSTITUTO PRIVADO DE NEONATOLOGIA Y;00300-00016025;FAC;06/01/2026;139186,0;139186,0;139186,0
1-8020;30659560093;INSTITUTO PRIVADO DE NEONATOLOGIA Y;00500-00042409;FAC;06/01/2026;1371707,27;804456,28;804456,28
1-8020;30659560093;INSTITUTO PRIVADO DE NEONATOLOGIA Y;00500-00042391;FAC;06/01/2026;570468,0;558942,0;558942,0
1-8020;30659560093;INSTITUTO PRIVADO DE NEONATOLOGIA Y;00300-00016028;FAC;06/01/2026;12686,0;12686,0;12686,0
1-8020;30659560093;INSTITUTO PRIVADO DE NEONATOLOGIA Y;00500-00042438;FAC;07/01/2026;2008625,17;1484310,72;1484310,72
1-8020;30659560093;INSTITUTO PRIVADO DE NEONATOLOGIA Y;00300-00016035;FAC;08/01/2026;57869,0;57869,0;57869,0
1-8020;30659560093;INSTITUTO PRIVADO DE NEONATOLOGIA Y;00300-00016034;FAC;08/01/2026;480916,0;403749,5;403749,5
1-8021;30689768861;;00006-00008587;FAC;06/01/2026;5380,82;5380,82;5380,82
1-8021;30689768861;;00006-00008588;FAC;06/01/2026;197169,82;194789,0;194789,0
1-8022;30606141579;INSTITUTO PRIVADO DE RADIOTERAPIA S A;00004-00003564;FAC;06/01/2026;5341606,0;5341606,0;5341606,0
1-8022;30606141579;INSTITUTO PRIVADO DE RADIOTERAPIA S A;00004-00003564;FAC;06/01/2026;5341606,0;5341606,0;5341606,0
1-8023;30715765779;LABORATORIOS BIOCON S.A.;00005-00001365;FAC;31/12/2025;12000,0;9760,0;9760,0
1-8024;33717029009;LECOUSER S.A.;00001-00000864;FAC;06/01/2026;12000,0;12000,0;12000,0
1-8024;33717029009;LECOUSER S.A.;00001-00000863;FAC;06/01/2026;36000,0;36000,0;36000,0
1-8024;33717029009;LECOUSER S.A.;00001-00000137;NCC;06/01/2026;5055,0;-5055,0;-5055,0
1-8024;33717029009;LECOUSER S.A.;00001-00000138;NCC;06/01/2026;1685,0;-1685,0;-1685,0
1-8025;20253634872;PABLO GABRIEL MIGLIERINI;00004-00000291;FAC;02/02/2026;8551000,01;8551000,01;8551000,01
1-8026;30716361833;OMED MEDICINA PRIVADA SOCIEDAD DE;00001-00000064;FAC;08/01/2026;111184,0;83489,0;83489,0
1-8027;30677558888;PARQUE SALUD S A;00150-00010737;FAC;06/01/2026;250500,0;217100,0;217100,0
1-8028;30580553040;POLICLINICO PRIVADO SAN LUCAS S A;00110-00021395;FAC;05/01/2026;118887,44;86979,44;86979,44
1-8029;27170037699;MERCEDES LUISA DEL V TABARES;00004-00000294;FAC;12/02/2026;250000,01;250000,01;250000,01
1-8030;30708276878;PROMET S.R.L.;00008-00002007;FAC;07/01/2026;3606059,76;3606059,76;3606059,76
1-8030;30708276878;PROMET S.R.L.;00008-00002018;NCC;13/01/2026;177454,0;-177454,0;-177454,0
1-8030;30708276878;PROMET S.R.L.;00008-00002019;FAC;13/01/2026;249973,0;249973,0;249973,0
1-8030;30708276878;PROMET S.R.L.;00008-00002018;FAC;13/01/2026;920145,0;920145,0;920145,0
1-8031;30694300487;RESONANCIA MAGNETICA SRL;00005-00005879;FAC;31/12/2025;19518,8;19518,8;19518,8
1-8031;30694300487;RESONANCIA MAGNETICA SRL;00005-00005890;FAC;31/12/2025;323706,66;323706,66;323706,66
1-8032;30708497629;REYLES S.A.;00010-00003676;FAC;06/01/2026;27323,7;27323,7;27323,7
1-8033;30642081183;ROENTGEN S A;00017-00013739;FAC;05/01/2026;82235,86;82235,86;82235,86
1-8033;30642081183;ROENTGEN S A;00017-00013738;FAC;05/01/2026;252401,59;252401,59;252401,59
1-8034;30708890223;SALUD INTEGRAL SOCIEDAD ANONIMA;00010-00005329;FAC;08/01/2026;613372,0;613372,0;613372,0
1-8035;30709956880;SAN FRANCISCO SALUD-CONSORCIO DE;00003-00050651;FAC;16/12/2025;74931,53;60653,07;60653,07
1-8035;30709956880;SAN FRANCISCO SALUD-CONSORCIO DE;00004-00004151;FAC;16/12/2025;7087540,54;6001023,97;6001023,97
1-8035;30709956880;SAN FRANCISCO SALUD-CONSORCIO DE;00003-00050650;FAC;16/12/2025;299155,78;293877,32;293877,32
1-8035;30709956880;SAN FRANCISCO SALUD-CONSORCIO DE;00003-00050649;FAC;16/12/2025;1879446,71;1837563,63;1837563,63
1-8036;30669419658;SANATORIO CRUZ AZUL SRL;00006-00005869;FAC;06/01/2026;77389,66;65989,66;65989,66
1-8037;30545879138;SANATORIO MORRA S A;00010-00004510;FAC;05/01/2026;26300,0;26300,0;26300,0
1-8037;30545879138;SANATORIO MORRA S A;00010-00004496;FAC;05/01/2026;4119962,0;4119962,0;4119962,0
1-8037;30545879138;SANATORIO MORRA S A;00010-00004511;FAC;05/01/2026;66081,0;39781,0;39781,0
1-8038;30562336237;SANATORIO PARQUE S A;00005-00009391;FAC;05/01/2026;55620,0;55620,0;55620,0
1-8039;30715227696;;00003-00005498;FAC;08/01/2026;156000,0;139380,0;139380,0
1-8039;30715227696;;00003-00005499;FAC;08/01/2026;80000,0;80000,0;80000,0
1-8040;30716784386;SOLBO S.A.S.;00001-00000415;FAC;11/01/2026;72174,98;72174,98;72174,98
1-8040;30716784386;SOLBO S.A.S.;00001-00000416;FAC;11/01/2026;223883,86;223883,86;223883,86
1-8040;30716784386;SOLBO S.A.S.;00001-00000418;FAC;11/01/2026;142646,5;142646,5;142646,5
1-8040;30716784386;SOLBO S.A.S.;00001-00000413;FAC;11/01/2026;21703,98;21703,98;21703,98
1-8041;30711999074;UNIDAD DIGESTIVA BAISTROCCHI S.R.L.;00003-00001954;FAC;07/01/2026;927400,0;927400,0;927400,0
1-8041;30711999074;UNIDAD DIGESTIVA BAISTROCCHI S.R.L.;00003-00001956;FAC;07/01/2026;299000,0;299000,0;299000,0
1-8041;30711999074;UNIDAD DIGESTIVA BAISTROCCHI S.R.L.;00003-00001957;FAC;08/01/2026;86600,0;5000,0;5000,0
1-8041;30711999074;UNIDAD DIGESTIVA BAISTROCCHI S.R.L.;00003-00001955;FAC;08/01/2026;10000,0;10000,0;10000,0
1-8042;30546670623;UNIVERSIDAD NACIONAL DE CORDOBA;00004-00000531;FAC;30/11/2025;17456,0;17456,0;17456,0
1-8042;30546670623;UNIVERSIDAD NACIONAL DE CORDOBA;00104-00000529;FAC;30/11/2025;60257,0;54469,0;54469,0
1-8042;30546670623;UNIVERSIDAD NACIONAL DE CORDOBA;00014-00000889;FAC;30/11/2025;330844,0;330844,0;330844,0
1-8042;30546670623;UNIVERSIDAD NACIONAL DE CORDOBA;00004-00000533;FAC;30/11/2025;11984,0;11984,0;11984,0
1-8043;30712283056;DORAR S.A;00004-00000140;FAC;23/02/2026;997000,0;997000,0;997000,0
1-8044;30717880125;INDUSMED S.A.S.;00001-00000084;FAC;31/01/2026;1800000,0;1800000,0;1800000,0
1-8045;30680565224;COSEME SA;00046-00004282;FAC;06/01/2026;115653,15;115653,15;115653,15
1-8045;30680565224;COSEME SA;00047-00001730;FAC;06/01/2026;3173267,98;2947325,11;2947325,11
1-8045;30680565224;COSEME SA;00046-00000191;NDC;27/02/2026;488398,18;488398,18;488398,18
1-8047;30589770842;INSTITUTO CONCI CARPINELLA SRL;00034-00060518;FAC;30/12/2025;211856,79;211856,79;211856,79
1-8047;30589770842;INSTITUTO CONCI CARPINELLA SRL;00034-00060519;FAC;30/12/2025;1120427,97;1120427,97;1120427,97
1-8047;30589770842;INSTITUTO CONCI CARPINELLA SRL;00034-00060521;FAC;30/12/2025;229904,24;229904,24;229904,24
1-8047;30589770842;INSTITUTO CONCI CARPINELLA SRL;00034-00060540;FAC;30/12/2025;859178,43;859178,43;859178,43
1-8047;30589770842;INSTITUTO CONCI CARPINELLA SRL;00034-00060535;FAC;30/12/2025;945921,0;945921,0;945921,0
1-8047;30589770842;INSTITUTO CONCI CARPINELLA SRL;00034-00060520;FAC;30/12/2025;114952,12;114952,12;114952,12
1-8047;30589770842;INSTITUTO CONCI CARPINELLA SRL;00034-00060536;FAC;30/12/2025;281347,12;281347,12;281347,12
1-8047;30589770842;INSTITUTO CONCI CARPINELLA SRL;00034-00060727;FAC;31/12/2025;191872,86;191872,86;191872,86
1-8047;30589770842;INSTITUTO CONCI CARPINELLA SRL;00034-00060623;FAC;31/12/2025;294784,45;294784,45;294784,45
1-8047;30589770842;INSTITUTO CONCI CARPINELLA SRL;00034-00060638;FAC;31/12/2025;62909,08;62909,08;62909,08
1-8047;30589770842;INSTITUTO CONCI CARPINELLA SRL;00034-00060639;FAC;31/12/2025;53560,0;53560,0;53560,0
1-8047;30589770842;INSTITUTO CONCI CARPINELLA SRL;00034-00060621;FAC;31/12/2025;171284,18;171284,18;171284,18
1-8047;30589770842;INSTITUTO CONCI CARPINELLA SRL;00034-00060641;FAC;31/12/2025;406470,3;406470,3;406470,3
1-8047;30589770842;INSTITUTO CONCI CARPINELLA SRL;00034-00060841;FAC;31/12/2025;171710,02;171710,02;171710,02
1-8047;30589770842;INSTITUTO CONCI CARPINELLA SRL;00034-00060640;FAC;31/12/2025;298690,17;280310,17;280310,17
1-8047;30589770842;INSTITUTO CONCI CARPINELLA SRL;00034-00060701;FAC;31/12/2025;63416,71;63416,71;63416,71
1-8047;30589770842;INSTITUTO CONCI CARPINELLA SRL;00034-00060721;FAC;31/12/2025;555469,41;555469,41;555469,41
1-8047;30589770842;INSTITUTO CONCI CARPINELLA SRL;00034-00060927;FAC;31/12/2025;412570,45;407520,45;407520,45
1-8047;30589770842;INSTITUTO CONCI CARPINELLA SRL;00034-00060622;FAC;31/12/2025;123900,0;111900,0;111900,0
1-8047;30589770842;INSTITUTO CONCI CARPINELLA SRL;00034-00060840;FAC;31/12/2025;28718,41;28718,41;28718,41
1-8047;30589770842;INSTITUTO CONCI CARPINELLA SRL;00034-00060723;FAC;31/12/2025;826371,66;826371,66;826371,66
1-8047;30589770842;INSTITUTO CONCI CARPINELLA SRL;00034-00060726;FAC;31/12/2025;125474,31;125474,31;125474,31
1-8047;30589770842;INSTITUTO CONCI CARPINELLA SRL;00034-00060839;FAC;31/12/2025;846106,86;846106,86;846106,86
1-8047;30589770842;INSTITUTO CONCI CARPINELLA SRL;00034-00061239;FAC;28/02/2026;1070604,31;1070604,31;1070604,31
1-8048;30545894528;SOCIEDAD DE BENEFICENCIA HOSPITAL;00024-00022389;FAC;08/01/2026;1474806,79;1345386,25;1345386,25
1-8048;30545894528;SOCIEDAD DE BENEFICENCIA HOSPITAL;00024-00022386;FAC;08/01/2026;1366427,76;1158751,37;1158751,37
1-8048;30545894528;SOCIEDAD DE BENEFICENCIA HOSPITAL;00024-00022374;FAC;08/01/2026;864295,16;757226,38;757226,38
1-8048;30545894528;SOCIEDAD DE BENEFICENCIA HOSPITAL;00024-00022383;FAC;08/01/2026;1149181,56;1149181,56;1149181,56
1-8048;30545894528;SOCIEDAD DE BENEFICENCIA HOSPITAL;00024-00022382;FAC;08/01/2026;423480,0;423480,0;423480,0
1-8048;30545894528;SOCIEDAD DE BENEFICENCIA HOSPITAL;00024-00022372;FAC;08/01/2026;124708,08;124708,08;124708,08
1-8048;30545894528;SOCIEDAD DE BENEFICENCIA HOSPITAL;00024-00022399;FAC;08/01/2026;2752602,19;2752602,19;2752602,19
1-8048;30545894528;SOCIEDAD DE BENEFICENCIA HOSPITAL;00024-00022373;FAC;08/01/2026;32440,04;32440,04;32440,04
1-8048;30545894528;SOCIEDAD DE BENEFICENCIA HOSPITAL;00024-00022388;FAC;08/01/2026;290435,45;140385,62;140385,62
1-8048;30545894528;SOCIEDAD DE BENEFICENCIA HOSPITAL;00024-00022387;FAC;08/01/2026;669631,91;607659,44;607659,44
1-8048;30545894528;SOCIEDAD DE BENEFICENCIA HOSPITAL;00024-00022384;FAC;08/01/2026;185040,76;185040,76;185040,76
1-8048;30545894528;SOCIEDAD DE BENEFICENCIA HOSPITAL;00024-00000585;NDC;02/03/2026;830407,8;830407,8;830407,8
1-8049;30637580961;CIPREM SRL;00004-00014314;FAC;06/01/2026;6632494,6;6384327,23;6384327,23
1-8049;30637580961;CIPREM SRL;00004-00014372;FAC;08/01/2026;251890,5;202610,5;202610,5
1-8050;30644610256;ASOCIACION PRESTADORES DE HEMODIALISIS Y;00003-00008254;FAC;07/01/2026;8590778,0;8586452,0;8586452,0
1-8050;30644610256;ASOCIACION PRESTADORES DE HEMODIALISIS Y;00003-00008271;FAC;09/01/2026;14560000,0;14560000,0;14560000,0
1-8051;30689767946;SANATORIO DEL SALVADOR PRIVADO SA;00011-00022217;FAC;31/12/2025;970868,85;970868,85;970868,85
1-8051;30689767946;SANATORIO DEL SALVADOR PRIVADO SA;00011-00022412;FAC;31/12/2025;645753,84;611110,02;611110,02
1-8051;30689767946;SANATORIO DEL SALVADOR PRIVADO SA;00011-00022303;FAC;31/12/2025;2883045,16;2057811,29;2057811,29
1-8051;30689767946;SANATORIO DEL SALVADOR PRIVADO SA;00011-00022305;FAC;31/12/2025;241612,93;60766,96;60766,96
1-8051;30689767946;SANATORIO DEL SALVADOR PRIVADO SA;00011-00022414;FAC;31/12/2025;2152692,08;1980076,8;1980076,8
1-8051;30689767946;SANATORIO DEL SALVADOR PRIVADO SA;00011-00022218;FAC;31/12/2025;1732179,36;1275000,44;1275000,44
1-8051;30689767946;SANATORIO DEL SALVADOR PRIVADO SA;00011-00022219;FAC;31/12/2025;296307,04;296307,04;296307,04
1-8051;30689767946;SANATORIO DEL SALVADOR PRIVADO SA;00011-00022304;FAC;31/12/2025;714611,62;469710,22;469710,22
1-8051;30689767946;SANATORIO DEL SALVADOR PRIVADO SA;00011-00022124;FAC;30/11/2025;751774,47;751774,47;751774,47
1-8051;30689767946;SANATORIO DEL SALVADOR PRIVADO SA;00011-00023806;FAC;31/12/2025;200324,67;200324,67;200324,67
1-8051;30689767946;SANATORIO DEL SALVADOR PRIVADO SA;00011-00022641;FAC;28/02/2026;996662,45;996662,45;996662,45
1-8053;30674856756;CIRCULO DE PROFESIONALES DE LA;00003-00000312;FAC;15/01/2026;775000,0;775000,0;775000,0
1-8055;30557695768;ASOCIACION MEDICA DEL DPTO SAN MARTIN;00002-00009197;FAC;04/02/2026;8859367,86;8283851,38;8283851,38
1-8055;30557695768;ASOCIACION MEDICA DEL DPTO SAN MARTIN;00002-00009198;FAC;04/02/2026;24513565,53;16936298,15;16936298,15
1-8057;30710123833;FUNDACION PARA EL PROGRESO DE LA;00005-00024209;FAC;05/02/2026;68193,7;68193,7;68193,7
1-8061;30712053441;GEPREMED S.A.;00004-00000009;FAC;10/03/2026;1592500,0;1592500,0;1592500,0
1-8063;30717847438;CONTAINER STORAGE S.A.S.;00001-00000213;FAC;09/03/2026;267410,0;267410,0;267410,0
1-8064;30702652975;NSS SA;00005-03493692;FAC;23/02/2026;107917,54;107917,54;107917,54
1-8066;27213982236;SILVANA DEL VALLE PASCOLO;00002-00000026;FAC;27/02/2026;1510492,83;1510492,83;1510492,83
1-8067;20366211986;CARLOS MARTIN CAPITANELLI;00001-00000175;FAC;02/03/2026;1500000,0;1500000,0;1500000,0
1-8068;27320372416;MARIA AURORA DEMITRI;00004-00000046;FAC;02/03/2026;1500000,0;1500000,0;1500000,0
1-8069;27384131021;CARLA MICKAELA TOLEDO;00001-00000096;FAC;03/03/2026;2400000,0;2400000,0;2400000,0
1-8070;33715006079;PIZARRO STIEFEL S.A.;00001-00024393;FAC;01/03/2026;192723,96;192723,96;192723,96
1-8074;20252461362;CARLOS MARTIN TOGNARELLI;00001-00000213;FAC;03/03/2026;800000,0;800000,0;800000,0
1-8075;27243566822;CAROLINA FLACHS;00004-00000269;FAC;06/03/2026;1182766,0;1182766,0;1182766,0
1-8076;30717177645;P-VOS SOLUCIONES S.A.;00002-00006342;FAC;06/03/2026;58298,7;58298,7;58298,7
1-8077;33715718869;ULASA SA;00001-00000421;FAC;03/03/2026;1144075,07;1144075,07;1144075,07
1-8079;30716504464;PROTEC SEGURIDAD S.A.S.;00004-00002145;FAC;01/03/2026;21200,0;21200,0;21200,0
1-8080;30709589942;RESET ARGENTINA S.R.L.;00006-00017540;FAC;24/02/2026;94380,0;94380,0;94380,0
1-8080;30709589942;RESET ARGENTINA S.R.L.;00006-00017541;FAC;24/02/2026;94380,0;94380,0;94380,0
1-8082;27456951436;GIULIANA MUSCARELLO;00001-00000008;FAC;03/03/2026;1100000,0;1100000,0;1100000,0
1-8083;20227116634;CARLOS ARIEL ERRECART;00002-00002027;FAC;27/02/2026;205700,0;205700,0;205700,0
1-8084;27306560021;ANALIA CELESTE MORENO;00001-00000096;FAC;03/03/2026;900000,0;900000,0;900000,0
1-8085;30710720149;DEL MORAL INFORMATICA S.A.;00014-00000856;FAC;02/03/2026;26800,0;26800,0;26800,0
1-8086;27237369853;GABRIELA NOEMI PASTORINO;00002-00000120;FAC;01/03/2026;1500000,0;1500000,0;1500000,0
1-8087;27331497245;VANESA SOLEDAD CERVIO;00002-00000206;FAC;04/03/2026;800000,0;800000,0;800000,0
1-8088;27129431887;ISABEL CARMEN BUSTOS;00001-00000035;FAC;03/03/2026;1070600,0;1070600,0;1070600,0
1-8089;23135212229;MARCELO ANTONIO ASAN;00002-00001815;FAC;03/03/2026;1800217,31;1800217,31;1800217,31
1-8093;30582622945;ERREPAR S. A.;00080-00086338;FAC;12/03/2026;493207,0;493207,0;493207,0
1-8097;27296137974;NOELIA MANUELA CIELO;00001-00000513;FAC;18/03/2026;15500,0;15500,0;15500,0
1-8098;30708479736;ASESORES ESPECIALIZADOS S. A.;00003-00042970;FAC;16/03/2026;52030,0;52030,0;52030,0
1-8099;30999027489;EMPRESA PROVINCIAL DE ENERGIA DE;00026-01206533;FAC;27/02/2026;197009,3;197009,3;197009,3
1-8100;30709290203;AGUAS JELSI SA;00005-00065990;FAC;04/03/2026;31400,0;31400,0;31400,0
1-8103;30710862458;ESCRIBANIA PAMPLIEGA SOCIEDAD CIVIL;00002-00008468;FAC;11/03/2026;64830,0;64830,0;64830,0
1-8106;27925164742;MARIA ELLEN BORMAN;00003-00000147;FAC;26/02/2026;2500000,0;2500000,0;2500000,0
1-8107;30615571454;CLINICA PRIVADA DEL SOL S.A.;00008-00020210;FAC;06/02/2026;16081927,1;15894293,48;15894293,48
1-8107;30615571454;CLINICA PRIVADA DEL SOL S.A.;00008-00020250;FAC;09/02/2026;120841,77;120841,77;120841,77
1-8107;30615571454;CLINICA PRIVADA DEL SOL S.A.;00008-00020251;FAC;09/02/2026;385893,0;385893,0;385893,0
1-8109;30711779635;SOLUCIONES DESCARTABLES S.R.L.;00003-00026505;FAC;18/03/2026;86739,99;86739,99;86739,99
1-8112;30683986603;MUTUAL MEDICA RIO CUARTO;00031-00000166;FAC;10/03/2026;72118582,95;72118582,95;72118582,95
1-8115;20336990263;SANTIAGO MORON;00001-00000031;FAC;02/03/2026;500000,0;500000,0;500000,0
1-8116;30710720149;DEL MORAL INFORMATICA S.A.;00014-00000861;FAC;02/03/2026;17200,0;17200,0;17200,0
1-8117;20252478656;MARCOS DANIEL SECONDI;00001-00000106;FAC;02/03/2026;970740,0;970740,0;970740,0
1-8118;20434500207;TOMAS FRANCISCO RAMOS;00001-00000112;FAC;02/03/2026;977440,91;977440,91;977440,91
1-8119;27170004197;ISABEL CATALINA GARCIA;00003-00001503;FAC;10/03/2026;46000,0;46000,0;46000,0
1-8123;27336991140;LUCRECIA RECALDE;00001-00000121;FAC;02/03/2026;2517254,0;2517254,0;2517254,0
1-8126;30678724447;ASOCIACION DE CLINICAS DEL NORTE DE LA;00004-00018515;FAC;09/02/2026;20858,0;20858,0;20858,0
1-8126;30678724447;ASOCIACION DE CLINICAS DEL NORTE DE LA;00004-00018517;FAC;09/02/2026;195585,0;43693,96;43693,96
1-8126;30678724447;ASOCIACION DE CLINICAS DEL NORTE DE LA;00004-00018548;FAC;09/02/2026;19040221,81;13019876,39;13019876,39
1-8126;30678724447;ASOCIACION DE CLINICAS DEL NORTE DE LA;00004-00018516;FAC;09/02/2026;4513039,39;4357494,41;4357494,41
1-8126;30678724447;ASOCIACION DE CLINICAS DEL NORTE DE LA;00004-00018518;FAC;09/02/2026;140507,24;133816,0;133816,0
1-8127;30644610256;ASOCIACION PRESTADORES DE HEMODIALISIS Y;00003-00008304;FAC;06/02/2026;13977151,0;7973134,0;7973134,0
1-8127;30644610256;ASOCIACION PRESTADORES DE HEMODIALISIS Y;00003-00008309;FAC;09/02/2026;18980000,0;18980000,0;18980000,0
1-8128;30715649159;CAMARA DE ENTIDADES DE SALUD - CES;00005-00001306;FAC;05/02/2026;4084817,05;3057968,13;3057968,13
1-8128;30715649159;CAMARA DE ENTIDADES DE SALUD - CES;00005-00001317;FAC;05/02/2026;148320,0;130620,0;130620,0
1-8128;30715649159;CAMARA DE ENTIDADES DE SALUD - CES;00005-00001316;FAC;05/02/2026;679441,09;621680,09;621680,09
1-8128;30715649159;CAMARA DE ENTIDADES DE SALUD - CES;00005-00001304;FAC;05/02/2026;11528505,44;10086789,97;10086789,97
1-8128;30715649159;CAMARA DE ENTIDADES DE SALUD - CES;00005-00001305;FAC;05/02/2026;2225379,0;1829315,0;1829315,0
1-8128;30715649159;CAMARA DE ENTIDADES DE SALUD - CES;00005-00001307;FAC;05/02/2026;95972,0;27586,0;27586,0
1-8129;30714353493;CEMO S.A.;00004-00009900;FAC;31/01/2026;811294,04;811294,04;811294,04
1-8129;30714353493;CEMO S.A.;00004-00009901;FAC;31/01/2026;197804,1;197804,1;197804,1
1-8130;30715190253;CIDI S.A;00001-00006456;FAC;31/01/2026;2196629,31;2196629,31;2196629,31
1-8130;30715190253;CIDI S.A;00001-00006455;FAC;31/01/2026;105915,25;105915,25;105915,25
1-8131;30674856756;CIRCULO DE PROFESIONALES DE LA;00004-00003145;FAC;04/02/2026;620000,0;620000,0;620000,0
1-8131;30674856756;CIRCULO DE PROFESIONALES DE LA;00004-00003145;FAC;04/02/2026;620000,0;620000,0;620000,0
1-8132;30682285431;CLINICA PRIVADA COAT S. R. L.;00005-00005028;FAC;06/02/2026;500,0;500,0;500,0
1-8132;30682285431;CLINICA PRIVADA COAT S. R. L.;00005-00005036;FAC;06/02/2026;212300,0;180200,0;180200,0
1-8133;30660567840;CLINICA PRIVADA DE LA CIUDAD SOC RESP;00010-00003900;FAC;30/01/2026;17161,71;17161,71;17161,71
1-8133;30660567840;CLINICA PRIVADA DE LA CIUDAD SOC RESP;00010-00003892;FAC;30/01/2026;2911,71;2911,71;2911,71
1-8133;30660567840;CLINICA PRIVADA DE LA CIUDAD SOC RESP;00010-00003891;FAC;30/01/2026;13661,85;13661,85;13661,85
1-8133;30660567840;CLINICA PRIVADA DE LA CIUDAD SOC RESP;00010-00003907;FAC;30/01/2026;322387,14;322387,14;322387,14
1-8133;30660567840;CLINICA PRIVADA DE LA CIUDAD SOC RESP;00010-00003903;FAC;30/01/2026;95690,56;78630,48;78630,48
1-8133;30660567840;CLINICA PRIVADA DE LA CIUDAD SOC RESP;00010-00003500;FAC;29/08/2026;126237,35;126237,35;126237,35
1-8134;30608875227;CLINICA PRIVADA INTEGRAL DE PSIQUIATRIA;00003-00000224;FAC;06/02/2026;3622500,0;3622500,0;3622500,0
1-8134;30608875227;CLINICA PRIVADA INTEGRAL DE PSIQUIATRIA;00003-00000223;FAC;06/02/2026;668968,0;556340,0;556340,0
1-8134;30608875227;CLINICA PRIVADA INTEGRAL DE PSIQUIATRIA;00003-00000225;FAC;06/02/2026;78643,0;57307,0;57307,0
1-8134;30608875227;CLINICA PRIVADA INTEGRAL DE PSIQUIATRIA;00003-00000226;FAC;06/02/2026;33736,0;33736,0;33736,0
1-8135;30546133865;CLINICA PRIVADA JESUS MARIA DR ANIBAL;00008-00011812;FAC;04/02/2026;174427,02;174427,02;174427,02
1-8135;30546133865;CLINICA PRIVADA JESUS MARIA DR ANIBAL;00008-00011816;FAC;05/02/2026;222983,78;192323,78;192323,78
1-8136;30553588266;COLEGIO MED REG DEL SUR DE CBA;00002-00003454;FAC;04/02/2026;913000,35;910557,85;910557,85
1-8137;30623442566;DE LA VILLA SERVICIOS ASISTENCIALES S.A.;00004-00015315;FAC;04/02/2026;37206,21;37206,21;37206,21
1-8137;30623442566;DE LA VILLA SERVICIOS ASISTENCIALES S.A.;00004-00015322;FAC;04/02/2026;63700,59;63700,59;63700,59
1-8137;30623442566;DE LA VILLA SERVICIOS ASISTENCIALES S.A.;00004-00015325;FAC;04/02/2026;1862897,86;1862897,86;1862897,86
1-8137;30623442566;DE LA VILLA SERVICIOS ASISTENCIALES S.A.;00004-00015323;FAC;04/02/2026;36984,14;36984,14;36984,14
1-8137;30623442566;DE LA VILLA SERVICIOS ASISTENCIALES S.A.;00004-00015326;FAC;04/02/2026;187503,24;187503,24;187503,24
1-8137;30623442566;DE LA VILLA SERVICIOS ASISTENCIALES S.A.;00004-00015327;FAC;04/02/2026;50764,98;50764,98;50764,98
1-8137;30623442566;DE LA VILLA SERVICIOS ASISTENCIALES S.A.;00004-00015321;FAC;04/02/2026;51468,85;40272,85;40272,85
1-8138;30602764032;ECCO S A;00203-00154518;FAC;20/01/2026;2896120,44;2896120,44;2896120,44
1-8138;30602764032;ECCO S A;00203-00154519;FAC;20/01/2026;4157334,18;4157334,18;4157334,18
1-8139;30708910208;EL JUNCO SERVICIOS SOCIALES SA;00118-00000703;FAC;06/02/2026;95250,0;95250,0;95250,0
1-8139;30708910208;EL JUNCO SERVICIOS SOCIALES SA;00118-00000704;FAC;06/02/2026;14700,0;14700,0;14700,0
1-8139;30708910208;EL JUNCO SERVICIOS SOCIALES SA;00118-00000705;FAC;06/02/2026;157770,0;157770,0;157770,0
1-8139;30708910208;EL JUNCO SERVICIOS SOCIALES SA;00118-00000702;FAC;06/02/2026;175500,0;175500,0;175500,0
1-8140;30717147835;ESTIX S.A.S.;00004-00000410;FAC;06/02/2026;478647,56;478647,56;478647,56
1-8141;33577427009;FEDERACION DE BIOQUIMICOS DE LA;00005-00005680;FAC;10/02/2026;1713569,0;1634770,5;1634770,5
1-8141;33577427009;FEDERACION DE BIOQUIMICOS DE LA;00005-00005682;FAC;10/02/2026;367425,0;253470,0;253470,0
1-8141;33577427009;FEDERACION DE BIOQUIMICOS DE LA;00005-00005681;FAC;10/02/2026;290233,0;223712,0;223712,0
1-8142;30714398454;FUNDACION CENTRO PREVENCION Y ATENCION;00004-00002491;FAC;02/02/2026;600000,0;600000,0;600000,0
1-8143;30709242195;FUNDACION FECUNDART;00006-00000004;FAC;09/02/2026;391264,2;202474,6;202474,6
1-8144;30716142015;GPAL BIOQUIMICA CLINICA S.A.S.;00002-00001350;FAC;09/02/2026;275321,0;275321,0;275321,0
1-8144;30716142015;GPAL BIOQUIMICA CLINICA S.A.S.;00002-00001351;FAC;09/02/2026;480694,0;480694,0;480694,0
1-8144;30716142015;GPAL BIOQUIMICA CLINICA S.A.S.;00002-00001340;FAC;09/02/2026;760778,0;743778,0;743778,0
1-8144;30716142015;GPAL BIOQUIMICA CLINICA S.A.S.;00002-00001352;FAC;09/02/2026;539325,0;535075,0;535075,0
1-8145;30709290866;GRUPO OPTICO SA;00015-00004956;FAC;06/02/2026;217368,0;217368,0;217368,0
1-8145;30709290866;GRUPO OPTICO SA;00015-00004957;FAC;06/02/2026;16128,0;16128,0;16128,0
1-8145;30709290866;GRUPO OPTICO SA;00015-00004955;FAC;06/02/2026;24168,0;24168,0;24168,0
1-8146;30689768861;;00006-00008657;FAC;05/02/2026;558169,64;558169,64;558169,64
1-8147;30659560093;INSTITUTO PRIVADO DE NEONATOLOGIA Y;00900-00000528;FAC;20/01/2026;3653879,0;3653879,0;3653879,0
1-8147;30659560093;INSTITUTO PRIVADO DE NEONATOLOGIA Y;00500-00042848;FAC;03/02/2026;2709170,97;2484784,54;2484784,54
1-8147;30659560093;INSTITUTO PRIVADO DE NEONATOLOGIA Y;00300-00016185;FAC;05/02/2026;638447,5;494284,5;494284,5
1-8147;30659560093;INSTITUTO PRIVADO DE NEONATOLOGIA Y;00300-00016184;FAC;05/02/2026;370312,0;366360,5;366360,5
1-8147;30659560093;INSTITUTO PRIVADO DE NEONATOLOGIA Y;00300-00016186;FAC;05/02/2026;83546,0;77004,5;77004,5
1-8147;30659560093;INSTITUTO PRIVADO DE NEONATOLOGIA Y;00500-00042896;FAC;05/02/2026;2140308,03;929453,28;929453,28
1-8147;30659560093;INSTITUTO PRIVADO DE NEONATOLOGIA Y;00500-00042911;FAC;06/02/2026;1246839,0;1212261,0;1212261,0
1-8147;30659560093;INSTITUTO PRIVADO DE NEONATOLOGIA Y;00300-00016187;FAC;06/02/2026;103488,0;103488,0;103488,0
1-8147;30659560093;INSTITUTO PRIVADO DE NEONATOLOGIA Y;00500-00042912;FAC;06/02/2026;685114,0;685114,0;685114,0
1-8148;30716824809;NEUROTEAM S.A.S.;00001-00001084;FAC;09/02/2026;4815562,75;4815562,75;4815562,75
1-8149;30716361833;OMED MEDICINA PRIVADA SOCIEDAD DE;00001-00000066;FAC;09/02/2026;276660,0;274172,0;274172,0
1-8150;20253634872;PABLO GABRIEL MIGLIERINI;00004-00000294;FAC;03/03/2026;8551000,01;8551000,01;8551000,01
1-8151;30677558888;PARQUE SALUD S A;00150-00010849;FAC;30/01/2026;100200,0;100200,0;100200,0
1-8152;30580553040;POLICLINICO PRIVADO SAN LUCAS S A;00110-00021648;FAC;04/02/2026;1595469,06;1327103,23;1327103,23
1-8152;30580553040;POLICLINICO PRIVADO SAN LUCAS S A;00110-00021632;FAC;04/02/2026;237378,23;149361,43;149361,43
1-8153;30694300487;RESONANCIA MAGNETICA SRL;00005-00005918;FAC;31/01/2026;99434,29;89985,78;89985,78
1-8153;30694300487;RESONANCIA MAGNETICA SRL;00005-00005932;FAC;31/01/2026;678337,28;535714,28;535714,28
1-8154;30642081183;ROENTGEN S A;00017-00013852;FAC;04/02/2026;273844,08;273844,08;273844,08
1-8154;30642081183;ROENTGEN S A;00017-00013853;FAC;04/02/2026;213922,04;213922,04;213922,04
1-8155;30708890223;SALUD INTEGRAL SOCIEDAD ANONIMA;00010-00005363;FAC;30/01/2026;36296,0;36296,0;36296,0
1-8155;30708890223;SALUD INTEGRAL SOCIEDAD ANONIMA;00010-00005369;FAC;05/02/2026;148127,0;148127,0;148127,0
1-8156;30709956880;SAN FRANCISCO SALUD-CONSORCIO DE;00003-00051054;FAC;13/01/2026;417657,98;411992,0;411992,0
1-8156;30709956880;SAN FRANCISCO SALUD-CONSORCIO DE;00003-00051052;FAC;13/01/2026;2305354,74;2113452,59;2113452,59
1-8156;30709956880;SAN FRANCISCO SALUD-CONSORCIO DE;00004-00004284;FAC;13/01/2026;122902,57;120702,57;120702,57
1-8156;30709956880;SAN FRANCISCO SALUD-CONSORCIO DE;00004-00004283;FAC;13/01/2026;2383069,17;2103661,43;2103661,43
1-8157;30689767946;SANATORIO DEL SALVADOR PRIVADO SA;00011-00022554;FAC;31/01/2026;1291765,96;1291765,96;1291765,96
1-8157;30689767946;SANATORIO DEL SALVADOR PRIVADO SA;00011-00022610;FAC;31/01/2026;1870612,93;1800285,97;1800285,97
1-8157;30689767946;SANATORIO DEL SALVADOR PRIVADO SA;00011-00022611;FAC;31/01/2026;2058208,03;1892842,15;1892842,15
1-8157;30689767946;SANATORIO DEL SALVADOR PRIVADO SA;00011-00023863;FAC;31/01/2026;511841,11;511841,11;511841,11
1-8157;30689767946;SANATORIO DEL SALVADOR PRIVADO SA;00011-00022550;FAC;31/01/2026;985431,88;785734,85;785734,85
1-8157;30689767946;SANATORIO DEL SALVADOR PRIVADO SA;00011-00023905;FAC;31/01/2026;378777,95;342596,26;342596,26
1-8157;30689767946;SANATORIO DEL SALVADOR PRIVADO SA;00011-00022551;FAC;31/01/2026;3108308,76;2636484,81;2636484,81
1-8157;30689767946;SANATORIO DEL SALVADOR PRIVADO SA;00011-00022552;NCC;31/01/2026;180647,37;-180647,37;-180647,37
1-8157;30689767946;SANATORIO DEL SALVADOR PRIVADO SA;00011-00022553;FAC;31/01/2026;2000000,0;2000000,0;2000000,0
1-8157;30689767946;SANATORIO DEL SALVADOR PRIVADO SA;00011-00022552;FAC;31/01/2026;180647,37;180647,37;180647,37
1-8157;30689767946;SANATORIO DEL SALVADOR PRIVADO SA;A CUENTA;AC;;0,0;0,0;0,0
1-8158;33680935349;SANATORIO PRIVADO GATTI S R L;00003-00003667;FAC;03/02/2026;750000,0;366187,0;366187,0
1-8158;33680935349;SANATORIO PRIVADO GATTI S R L;00003-00003668;FAC;03/02/2026;17500,0;17500,0;17500,0
1-8159;30715227696;;00003-00005534;FAC;06/02/2026;205450,0;205450,0;205450,0
1-8159;30715227696;;00003-00005535;FAC;06/02/2026;92000,0;92000,0;92000,0
1-8160;30716784386;SOLBO S.A.S.;00001-00000427;FAC;06/02/2026;6000,0;6000,0;6000,0
1-8160;30716784386;SOLBO S.A.S.;00001-00000424;FAC;06/02/2026;51968,0;51968,0;51968,0
1-8160;30716784386;SOLBO S.A.S.;00001-00000426;FAC;06/02/2026;26850,0;26850,0;26850,0
1-8160;30716784386;SOLBO S.A.S.;00001-00000425;FAC;06/02/2026;1010766,18;1010766,18;1010766,18
1-8160;30716784386;SOLBO S.A.S.;00001-00000428;FAC;06/02/2026;1130881,96;1130881,96;1130881,96
1-8161;30711999074;UNIDAD DIGESTIVA BAISTROCCHI S.R.L.;00003-00001970;FAC;06/02/2026;86000,0;86000,0;86000,0
1-8161;30711999074;UNIDAD DIGESTIVA BAISTROCCHI S.R.L.;00003-00001971;FAC;06/02/2026;159200,0;159200,0;159200,0
1-8161;30711999074;UNIDAD DIGESTIVA BAISTROCCHI S.R.L.;00003-00001969;FAC;06/02/2026;152000,0;152000,0;152000,0
1-8161;30711999074;UNIDAD DIGESTIVA BAISTROCCHI S.R.L.;00003-00001972;FAC;09/02/2026;471400,0;471400,0;471400,0
1-8162;30546670623;UNIVERSIDAD NACIONAL DE CORDOBA;00104-00000540;FAC;30/12/2025;39328,0;39328,0;39328,0
1-8162;30546670623;UNIVERSIDAD NACIONAL DE CORDOBA;00012-00000906;FAC;30/01/2026;29400,0;29400,0;29400,0
1-8162;30546670623;UNIVERSIDAD NACIONAL DE CORDOBA;00014-00000947;FAC;30/01/2026;234661,0;230464,35;230464,35
1-8162;30546670623;UNIVERSIDAD NACIONAL DE CORDOBA;00104-00000549;FAC;30/01/2026;38939,0;38939,0;38939,0
1-8162;30546670623;UNIVERSIDAD NACIONAL DE CORDOBA;00104-00000547;FAC;30/01/2026;5788,0;5788,0;5788,0
1-8162;30546670623;UNIVERSIDAD NACIONAL DE CORDOBA;00104-00000548;FAC;30/01/2026;8098,0;8098,0;8098,0
1-8162;30546670623;UNIVERSIDAD NACIONAL DE CORDOBA;00704-00003943;FAC;05/02/2026;231755,93;25500,0;25500,0
1-8163;30703378222;UROLIT SA;00003-00004606;FAC;06/02/2026;30400,0;30400,0;30400,0
1-8163;30703378222;UROLIT SA;00003-00004607;FAC;06/02/2026;16000,0;16000,0;16000,0
1-8163;30703378222;UROLIT SA;00003-00004608;FAC;06/02/2026;16000,0;16000,0;16000,0
1-8163;30703378222;UROLIT SA;00003-00004605;FAC;06/02/2026;21900,0;21900,0;21900,0
1-8164;30716413256;VISOR PRO S.A.S.;00001-00000001;FAC;16/01/2026;26900,0;26000,0;26000,0
1-8165;30717880125;INDUSMED S.A.S.;00001-00000091;FAC;17/03/2026;3072000,0;3072000,0;3072000,0
1-8165;30717880125;INDUSMED S.A.S.;00001-00000090;FAC;17/03/2026;2600000,0;2600000,0;2600000,0
1-8166;33711300789;ASOCIACION MUTUAL DOCTOR ESTEBAN;00005-00000463;FAC;27/01/2026;10170,0;10170,0;10170,0
1-8167;30709634964;BARIATRICA S.A.;00002-00001184;FAC;04/02/2026;199618,84;170810,08;170810,08
1-8168;30715347756;CENTRO MEDICO PRIVADO SAN ANDRES SRL;00001-00003984;FAC;05/02/2026;308608,65;308608,65;308608,65
1-8169;30715316338;CENTRO MEDICO ROENTGEN S.R.L.;00003-00004464;FAC;04/02/2026;40566,74;40566,74;40566,74
1-8170;30710118821;CENTRO UROLOGICO PROFESOR BENGIO S A;00003-00003253;FAC;05/02/2026;17444,0;17444,0;17444,0
1-8173;30708069791;CLINICA MEDITERRANEA SALUD S A;00003-00022140;FAC;02/02/2026;125482,0;120712,0;120712,0
1-8174;30645574326;CLINICA PRIVADA DE ESPECIALIDADES DE;00004-00013745;FAC;06/02/2026;142225,77;98198,05;98198,05
1-8176;30615748966;CLINICA PRIVADA SAINT MICHEL SRL;00005-00004040;FAC;02/02/2026;25024,0;25024,0;25024,0
1-8176;30615748966;CLINICA PRIVADA SAINT MICHEL SRL;01005-00009041;FAC;02/02/2026;23832,0;23832,0;23832,0
1-8177;33711273129;CLINICA PRIVADA SANTA MARIA S.A.;00004-00012725;FAC;31/01/2026;207454,42;190654,42;190654,42
1-8178;30555217419;COLEGIO MEDICO REGIONAL ARROYITO;00004-00009420;FAC;05/02/2026;48594,17;17850,0;17850,0
1-8179;30714473723;DIAGNOSTICO Y TRATAMIENTO EN SALUD;00002-00002535;FAC;03/02/2026;34041,0;34041,0;34041,0
1-8180;33716532629;EQUILIBRE SALUD S.A.S.;00001-00000603;FAC;04/02/2026;119721,0;42952,0;42952,0
1-8181;30708497629;REYLES S.A.;00010-00003706;FAC;02/02/2026;15102,07;15102,07;15102,07
1-8182;30669419658;SANATORIO CRUZ AZUL SRL;00006-00005919;FAC;03/02/2026;66694,6;44353,01;44353,01
1-8183;30562336237;SANATORIO PARQUE S A;00005-00009438;FAC;02/02/2026;18540,0;18540,0;18540,0
1-8184;30680565224;COSEME SA;00046-00004362;FAC;05/02/2026;24436,3;24436,3;24436,3
1-8184;30680565224;COSEME SA;00046-00004382;FAC;06/02/2026;395123,35;395123,35;395123,35
1-8184;30680565224;COSEME SA;00047-00001808;FAC;10/02/2026;3656092,28;3656092,28;3656092,28
1-8184;30680565224;COSEME SA;00046-00000192;NDC;26/03/2026;592644,46;592644,46;592644,46
1-8184;30680565224;COSEME SA;A CUENTA;AC;;0,0;0,0;0,0
1-8193;30682314997;PINTECORD S R L;00147-00005583;FAC;13/03/2026;792103,9;792103,9;792103,9
1-8194;30711358508;SYNA S.A.;00184-00000523;FAC;17/03/2026;24999,0;24999,0;24999,0
1-8212;20161589862;DARIO EDUARDO RIOS;00003-00000191;FAC;04/02/2026;750386,2;750386,2;750386,2
1-8214;30589770842;INSTITUTO CONCI CARPINELLA SRL;00038-00003932;FAC;31/01/2026;154323,05;154323,05;154323,05
1-8214;30589770842;INSTITUTO CONCI CARPINELLA SRL;00038-00004019;FAC;31/01/2026;234200,99;234200,99;234200,99
1-8214;30589770842;INSTITUTO CONCI CARPINELLA SRL;00038-00004030;FAC;31/01/2026;205189,02;205189,02;205189,02
1-8214;30589770842;INSTITUTO CONCI CARPINELLA SRL;00038-00004025;FAC;31/01/2026;11394,36;11394,36;11394,36
1-8214;30589770842;INSTITUTO CONCI CARPINELLA SRL;00038-00003995;FAC;31/01/2026;26780,0;26780,0;26780,0
1-8214;30589770842;INSTITUTO CONCI CARPINELLA SRL;00038-00004029;FAC;31/01/2026;24277,92;24277,92;24277,92
1-8214;30589770842;INSTITUTO CONCI CARPINELLA SRL;00038-00004031;FAC;31/01/2026;458790,03;458790,03;458790,03
1-8214;30589770842;INSTITUTO CONCI CARPINELLA SRL;00038-00004021;FAC;31/01/2026;385556,3;385556,3;385556,3
1-8214;30589770842;INSTITUTO CONCI CARPINELLA SRL;00038-00004033;FAC;31/01/2026;365669,5;365669,5;365669,5
1-8214;30589770842;INSTITUTO CONCI CARPINELLA SRL;00038-00004035;FAC;31/01/2026;1661124,65;1661124,65;1661124,65
1-8214;30589770842;INSTITUTO CONCI CARPINELLA SRL;00038-00004032;FAC;31/01/2026;301081,62;298391,62;298391,62
1-8214;30589770842;INSTITUTO CONCI CARPINELLA SRL;00038-00004026;FAC;31/01/2026;412559,2;406959,2;406959,2
1-8214;30589770842;INSTITUTO CONCI CARPINELLA SRL;00038-00004023;FAC;31/01/2026;1243510,22;1243510,22;1243510,22
1-8214;30589770842;INSTITUTO CONCI CARPINELLA SRL;00038-00003930;FAC;31/01/2026;304297,64;277517,64;277517,64
1-8214;30589770842;INSTITUTO CONCI CARPINELLA SRL;00038-00004027;FAC;31/01/2026;1325550,89;1325550,89;1325550,89
1-8214;30589770842;INSTITUTO CONCI CARPINELLA SRL;00038-00004024;FAC;31/01/2026;59163,46;59163,46;59163,46
1-8214;30589770842;INSTITUTO CONCI CARPINELLA SRL;00038-00003931;FAC;31/01/2026;353428,96;328183,96;328183,96
1-8214;30589770842;INSTITUTO CONCI CARPINELLA SRL;00038-00004034;FAC;31/01/2026;1101721,71;1101721,71;1101721,71
1-8214;30589770842;INSTITUTO CONCI CARPINELLA SRL;00038-00004036;FAC;31/01/2026;2105118,93;2105118,93;2105118,93
1-8214;30589770842;INSTITUTO CONCI CARPINELLA SRL;00038-00003929;FAC;31/01/2026;202374,71;202374,71;202374,71
1-8214;30589770842;INSTITUTO CONCI CARPINELLA SRL;00038-00004028;FAC;31/01/2026;172926,31;172926,31;172926,31
1-8214;30589770842;INSTITUTO CONCI CARPINELLA SRL;00038-00004020;FAC;31/01/2026;187083,26;165353,26;165353,26
1-8214;30589770842;INSTITUTO CONCI CARPINELLA SRL;00034-00061424;FAC;27/03/2026;1845953,45;1845953,45;1845953,45
1-8222;30681218285;SOP S R L;00009-00011175;FAC;09/03/2026;2108250,0;2108250,0;2108250,0
1-8222;30681218285;SOP S R L;00009-00011234;FAC;20/03/2026;4480152,0;4480152,0;4480152,0
1-8225;30709702978;PROYECTOS INNOVADORES S R L;00002-00000091;FAC;03/03/2026;3630000,0;3630000,0;3630000,0
1-8226;20261804744;IGNACIO LUCAS SEGURA;00003-00000204;FAC;26/03/2026;3146000,0;3146000,0;3146000,0
1-8227;30637580961;CIPREM SRL;00004-00014489;FAC;09/02/2026;4757625,6;4757625,6;4757625,6
1-8227;30637580961;CIPREM SRL;00004-00014481;FAC;09/02/2026;168405,02;168405,02;168405,02
1-8227;30637580961;CIPREM SRL;00004-00014492;FAC;09/02/2026;13681712,85;12803692,54;12803692,54
1-8227;30637580961;CIPREM SRL;00004-00014601;FAC;27/03/2026;843240,27;843240,27;843240,27
1-8227;30637580961;CIPREM SRL;00004-00014602;FAC;27/03/2026;2643698,72;2643698,72;2643698,72
1-8230;27376180145;BRENDA ANABEL COLAZO;00002-00000106;FAC;25/03/2026;304320,0;304320,0;304320,0
1-8231;30710123833;FUNDACION PARA EL PROGRESO DE LA;00005-00024431;FAC;27/03/2026;338240,7;338240,7;338240,7
1-8235;33680935349;SANATORIO PRIVADO GATTI S R L;00003-00003667;FAC;03/02/2026;750000,0;750000,0;750000,0
1-8235;33680935349;SANATORIO PRIVADO GATTI S R L;00003-00003668;FAC;03/02/2026;17500,0;17500,0;17500,0
1-8238;23410185784;AGUSTINA GHIGGIA;00001-00000051;FAC;19/03/2026;1485000,0;1485000,0;1485000,0
1-8239;30712283056;DORAR S.A;00004-00000386;FAC;06/04/2026;2180000,0;2180000,0;2180000,0
1-8240;30555217419;COLEGIO MEDICO REGIONAL ARROYITO;00004-00009420;FAC;05/02/2026;48594,17;17850,0;17850,0
1-8241;30710123833;FUNDACION PARA EL PROGRESO DE LA;00005-00024472;FAC;31/03/2026;320237,66;320237,66;320237,66
1-8243;30557695768;ASOCIACION MEDICA DEL DPTO SAN MARTIN;00002-00009230;FAC;04/03/2026;12347972,2;12012317,8;12012317,8
1-8243;30557695768;ASOCIACION MEDICA DEL DPTO SAN MARTIN;00002-00009231;FAC;04/03/2026;15286232,53;9387106,98;9387106,98
1-8244;27336991140;LUCRECIA RECALDE;00001-00000125;FAC;06/04/2026;2517254,0;2517254,0;2517254,0
1-8245;20366211986;CARLOS MARTIN CAPITANELLI;00001-00000178;FAC;01/04/2026;850000,0;850000,0;850000,0
1-8246;30645189988;SERVICIOS MEDICOS S R L;00029-00003380;FAC;05/01/2026;112584,8;111483,64;111483,64
1-8246;30645189988;SERVICIOS MEDICOS S R L;00016-00009593;FAC;05/01/2026;886720,13;659355,21;659355,21
1-8246;30645189988;SERVICIOS MEDICOS S R L;00016-00009611;FAC;06/01/2026;13953435,23;9780156,61;9780156,61
1-8246;30645189988;SERVICIOS MEDICOS S R L;00017-00012710;FAC;06/01/2026;1060074,32;1030168,4;1030168,4
1-8246;30645189988;SERVICIOS MEDICOS S R L;00017-00012712;FAC;06/01/2026;28568,88;28568,88;28568,88
1-8246;30645189988;SERVICIOS MEDICOS S R L;00017-00012889;FAC;03/02/2026;9522,96;9522,96;9522,96
1-8246;30645189988;SERVICIOS MEDICOS S R L;00017-00012890;FAC;03/02/2026;959759,59;936873,67;936873,67
1-8246;30645189988;SERVICIOS MEDICOS S R L;00017-00012888;FAC;03/02/2026;52646,85;52646,85;52646,85
1-8246;30645189988;SERVICIOS MEDICOS S R L;00016-00009715;FAC;05/02/2026;938074,84;851387,28;851387,28
1-8246;30645189988;SERVICIOS MEDICOS S R L;00029-00003446;FAC;05/02/2026;149633,46;145519,14;145519,14
1-8246;30645189988;SERVICIOS MEDICOS S R L;00016-00009722;FAC;05/02/2026;10734835,68;9853563,56;9853563,56
1-8246;30645189988;SERVICIOS MEDICOS S R L;00017-00012711;FAC;06/01/2026;9522,96;9522,96;9522,96
1-8246;30645189988;SERVICIOS MEDICOS S R L;00015-00006510;FAC;08/04/2026;2763785,24;2763785,24;2763785,24
1-8247;30545894528;SOCIEDAD DE BENEFICENCIA HOSPITAL;00024-00022566;FAC;05/02/2026;31504,14;31504,14;31504,14
1-8247;30545894528;SOCIEDAD DE BENEFICENCIA HOSPITAL;00024-00022553;FAC;05/02/2026;486451,82;363615,47;363615,47
1-8247;30545894528;SOCIEDAD DE BENEFICENCIA HOSPITAL;00024-00022554;FAC;05/02/2026;1384309,14;1304887,76;1304887,76
1-8247;30545894528;SOCIEDAD DE BENEFICENCIA HOSPITAL;00024-00022551;FAC;05/02/2026;6394140,0;6394140,0;6394140,0
1-8247;30545894528;SOCIEDAD DE BENEFICENCIA HOSPITAL;00024-00022552;FAC;05/02/2026;596063,44;559841,46;559841,46
1-8247;30545894528;SOCIEDAD DE BENEFICENCIA HOSPITAL;00036-00000025;FAC;07/04/2026;5043477,82;5043477,82;5043477,82
1-8250;30717358909;G.M. AGRUPACION DE COLABORACION.;00001-00013459;FAC;12/01/2026;27844,25;17705,1;17705,1
1-8316;30712198709;GESTSAL S.R.L.;00003-00007368;FAC;23/04/2026;4060000,0;4060000,0;4060000,0
1-8317;30589770842;INSTITUTO CONCI CARPINELLA SRL;00034-00061379;FAC;28/02/2026;555979,76;555979,76;555979,76
1-8317;30589770842;INSTITUTO CONCI CARPINELLA SRL;00034-00061325;FAC;28/02/2026;2541207,48;2517207,48;2517207,48
1-8317;30589770842;INSTITUTO CONCI CARPINELLA SRL;00038-00004228;FAC;28/02/2026;681352,06;651752,06;651752,06
1-8317;30589770842;INSTITUTO CONCI CARPINELLA SRL;00038-00004152;FAC;28/02/2026;348723,11;348723,11;348723,11
1-8317;30589770842;INSTITUTO CONCI CARPINELLA SRL;00038-00004136;FAC;28/02/2026;21911,5;21911,5;21911,5
1-8317;30589770842;INSTITUTO CONCI CARPINELLA SRL;00034-00061327;FAC;28/02/2026;1060212,97;1060212,97;1060212,97
1-8317;30589770842;INSTITUTO CONCI CARPINELLA SRL;00038-00004186;FAC;28/02/2026;154106,33;154106,33;154106,33
1-8317;30589770842;INSTITUTO CONCI CARPINELLA SRL;00038-00004227;FAC;28/02/2026;2475805,44;2455673,44;2455673,44
1-8317;30589770842;INSTITUTO CONCI CARPINELLA SRL;00034-00061326;FAC;28/02/2026;100532,15;100532,15;100532,15
1-8317;30589770842;INSTITUTO CONCI CARPINELLA SRL;00034-00061377;FAC;28/02/2026;382660,61;382660,61;382660,61
1-8317;30589770842;INSTITUTO CONCI CARPINELLA SRL;00034-00061337;FAC;28/02/2026;135481,76;135481,76;135481,76
1-8317;30589770842;INSTITUTO CONCI CARPINELLA SRL;00038-00004137;FAC;28/02/2026;9911,5;9911,5;9911,5
1-8317;30589770842;INSTITUTO CONCI CARPINELLA SRL;00038-00004159;FAC;28/02/2026;804303,79;804303,79;804303,79
1-8317;30589770842;INSTITUTO CONCI CARPINELLA SRL;00034-00061391;FAC;28/02/2026;493759,0;493759,0;493759,0
1-8317;30589770842;INSTITUTO CONCI CARPINELLA SRL;00038-00004190;FAC;28/02/2026;134328,96;122328,96;122328,96
1-8317;30589770842;INSTITUTO CONCI CARPINELLA SRL;00034-00061339;FAC;28/02/2026;437136,32;437136,32;437136,32
1-8317;30589770842;INSTITUTO CONCI CARPINELLA SRL;00038-00004154;FAC;28/02/2026;26780,0;26780,0;26780,0
1-8317;30589770842;INSTITUTO CONCI CARPINELLA SRL;00038-00004156;FAC;28/02/2026;100248,56;100248,56;100248,56
1-8317;30589770842;INSTITUTO CONCI CARPINELLA SRL;00038-00004229;FAC;28/02/2026;104357,8;104357,8;104357,8
1-8317;30589770842;INSTITUTO CONCI CARPINELLA SRL;00038-00004207;FAC;28/02/2026;43460,0;43460,0;43460,0
1-8317;30589770842;INSTITUTO CONCI CARPINELLA SRL;00038-00004213;FAC;28/02/2026;335272,56;293427,78;293427,78
1-8317;30589770842;INSTITUTO CONCI CARPINELLA SRL;00034-00061328;FAC;28/02/2026;740992,0;740992,0;740992,0
1-8317;30589770842;INSTITUTO CONCI CARPINELLA SRL;00034-00061378;FAC;28/02/2026;351095,23;351095,23;351095,23
1-8317;30589770842;INSTITUTO CONCI CARPINELLA SRL;00038-00004208;FAC;28/02/2026;267231,98;264541,98;264541,98
1-8317;30589770842;INSTITUTO CONCI CARPINELLA SRL;00034-00061397;FAC;28/02/2026;237725,46;237725,46;237725,46
1-8317;30589770842;INSTITUTO CONCI CARPINELLA SRL;00034-00061674;FAC;24/04/2026;1960612,74;1960612,74;1960612,74
1-8346;30689768861;;00006-00008701;FAC;05/03/2026;374599,54;315727,26;315727,26
1-8346;30689768861;;00006-00008702;FAC;05/03/2026;6861,64;6861,64;6861,64
1-8347;30637580961;CIPREM SRL;00004-00014530;FAC;04/03/2026;210298,32;205678,32;205678,32
1-8347;30637580961;CIPREM SRL;00004-00014566;FAC;05/03/2026;15768041,7;15412838,21;15412838,21
1-8347;30637580961;CIPREM SRL;00004-00014707;FAC;24/04/2026;2317270,78;2317270,78;2317270,78
1-8347;30637580961;CIPREM SRL;A CUENTA;AC;;0,0;0,0;0,0
1-8351;33577427009;FEDERACION DE BIOQUIMICOS DE LA;00005-00005726;FAC;09/03/2026;705107,0;449995,0;449995,0
1-8351;33577427009;FEDERACION DE BIOQUIMICOS DE LA;00005-00005727;FAC;09/03/2026;1339240,0;1077543,0;1077543,0
1-8356;30545894528;SOCIEDAD DE BENEFICENCIA HOSPITAL;00024-00022738;FAC;04/03/2026;6618190,07;6384224,29;6384224,29
1-8356;30545894528;SOCIEDAD DE BENEFICENCIA HOSPITAL;00024-00022739;FAC;04/03/2026;1951325,4;1951325,4;1951325,4
1-8356;30545894528;SOCIEDAD DE BENEFICENCIA HOSPITAL;00024-00022841;FAC;09/03/2026;1950592,16;1717040,63;1717040,63
1-8356;30545894528;SOCIEDAD DE BENEFICENCIA HOSPITAL;00024-00022843;FAC;09/03/2026;1896558,83;1698383,83;1698383,83
1-8356;30545894528;SOCIEDAD DE BENEFICENCIA HOSPITAL;00024-00022845;FAC;09/03/2026;7381194,77;7098059,04;7098059,04
1-8356;30545894528;SOCIEDAD DE BENEFICENCIA HOSPITAL;00024-00022831;FAC;09/03/2026;8802,07;8802,07;8802,07
1-8356;30545894528;SOCIEDAD DE BENEFICENCIA HOSPITAL;00024-00022872;FAC;10/03/2026;22904180,38;22064850,75;22064850,75
1-8356;30545894528;SOCIEDAD DE BENEFICENCIA HOSPITAL;00024-00022858;FAC;10/03/2026;457834,12;394117,27;394117,27
1-8356;30545894528;SOCIEDAD DE BENEFICENCIA HOSPITAL;00024-00000592;NDC;30/04/2026;3837873,95;3837873,95;3837873,95
1-8363;30680565224;COSEME SA;00046-00004402;FAC;02/03/2026;227170,48;215392,8;215392,8
1-8363;30680565224;COSEME SA;00046-00004408;FAC;02/03/2026;20945,33;19947,93;19947,93
1-8363;30680565224;COSEME SA;00046-00004454;FAC;05/03/2026;60981,32;60981,32;60981,32
1-8363;30680565224;COSEME SA;00046-00004403;FAC;02/03/2026;15766,62;15766,62;15766,62
1-8363;30680565224;COSEME SA;00046-00004454;NCC;05/03/2026;19279,04;-19279,04;-19279,04
