OP_NUMERO;CUIT;PRESTADOR;TIPO;NRO;BANCO;FECHA_VENC;IMPORTE
1-8125;30708686499;AMPARAR S.R.L;Echeq;1000000491;GALICIA;30/06/2026;1841757,56
1-8125;30708686499;AMPARAR S.R.L;Echeq;1000000492;GALICIA;31/07/2026;1841757,56
1-7984;30708686499;AMPARAR S.R.L;Echeq;396;GALICIA;31/05/2026;3899487,3
1-7984;30708686499;AMPARAR S.R.L;Echeq;397;GALICIA;30/06/2026;3899487,3
1-7985;30678724447;ASOCIACION DE CLINICAS DEL NORTE DE LA;Echeq;398;GALICIA;31/03/2026;5564347,99
1-7987;30709634964;BARIATRICA S.A.;Echeq;399;GALICIA;31/03/2026;193429,72
1-7988;30715649159;CAMARA DE ENTIDADES DE SALUD - CES;Echeq;400;GALICIA;30/04/2026;5910758,6
1-7988;30715649159;CAMARA DE ENTIDADES DE SALUD - CES;Echeq;401;GALICIA;31/05/2026;5910758,61
1-7989;30714353493;CEMO S.A.;Echeq;402;GALICIA;30/04/2026;937002,13
1-7989;30714353493;CEMO S.A.;Echeq;403;GALICIA;31/05/2026;937002,14
1-7990;30715347756;CENTRO MEDICO PRIVADO SAN ANDRES SRL;Echeq;404;GALICIA;10/03/2026;318816,36
1-7991;30715316338;CENTRO MEDICO ROENTGEN S.R.L.;Echeq;405;GALICIA;10/03/2026;153323,92
1-7992;30574596951;CENTRO PRIVADO TOMOGRAFIA COMPUTADA;Echeq;406;GALICIA;31/03/2026;777371,22
1-7993;30715190253;CIDI S.A;Echeq;407;GALICIA;30/04/2026;748331,4
1-7994;30674856756;CIRCULO DE PROFESIONALES DE LA;Echeq;408;GALICIA;27/02/2026;703513,4
1-7995;30566278207;CIRCULO MEDICO REGIONAL RIO TERCERO;Echeq;409;GALICIA;31/03/2026;436424,45
1-7995;30566278207;CIRCULO MEDICO REGIONAL RIO TERCERO;Echeq;409;GALICIA;31/03/2026;436424,45
1-7996;30708237791;CLINICA PRIVADA DEAN FUNES S.R.L.;Echeq;410;GALICIA;30/04/2026;1958959,33
1-7997;30596272165;CLINICA PRIVADA CARAFFA SRL;Echeq;411;GALICIA;31/05/2026;3298665,33
1-7998;30682285431;CLINICA PRIVADA COAT S. R. L.;Echeq;412;GALICIA;30/04/2026;262233,04
1-7999;30645574326;CLINICA PRIVADA DE ESPECIALIDADES DE;Echeq;413;GALICIA;10/03/2026;241918,62
1-8001;30660567840;CLINICA PRIVADA DE LA CIUDAD SOC RESP;Echeq;414;GALICIA;30/04/2026;699936,08
1-8002;30615571454;CLINICA PRIVADA DEL SOL S.A.;Echeq;415;GALICIA;30/04/2026;799363,71
1-8003;30608875227;CLINICA PRIVADA INTEGRAL DE PSIQUIATRIA;Echeq;416;GALICIA;30/04/2026;378314,21
1-8003;30608875227;CLINICA PRIVADA INTEGRAL DE PSIQUIATRIA;Echeq;417;GALICIA;31/05/2026;378314,21
1-8004;30546133865;CLINICA PRIVADA JESUS MARIA DR ANIBAL;Echeq;418;GALICIA;10/03/2026;265661,85
1-8005;30680944691;CLINICA PRIVADA REGIONAL S R L;Echeq;419;GALICIA;10/03/2026;306142,89
1-8007;33711273129;CLINICA PRIVADA SANTA MARIA S.A.;Echeq;420;GALICIA;30/04/2026;404513,95
1-8007;33711273129;CLINICA PRIVADA SANTA MARIA S.A.;Echeq;421;GALICIA;31/05/2026;404513,96
1-8008;30553588266;COLEGIO MED REG DEL SUR DE CBA;Echeq;10000000478;GALICIA;05/03/2026;337154,22
1-8009;30623578743;COLEGIO PROFESIONAL DE KINESIOLOGOS Y;Echeq;424;GALICIA;10/03/2026;156000,0
1-8010;30623442566;DE LA VILLA SERVICIOS ASISTENCIALES S.A.;Echeq;426;GALICIA;31/05/2026;1085332,03
1-8011;30602764032;ECCO S A;Echeq;427;GALICIA;30/04/2026;3477713,1
1-8011;30602764032;ECCO S A;Echeq;428;GALICIA;31/05/2026;3477713,1
1-8012;30708910208;EL JUNCO SERVICIOS SOCIALES SA;Echeq;429;GALICIA;10/03/2026;291688,63
1-8013;30717147835;ESTIX S.A.S.;Echeq;430;GALICIA;30/04/2026;828884,11
1-8014;33577427009;FEDERACION DE BIOQUIMICOS DE LA;Echeq;431;GALICIA;30/04/2026;1356730,05
1-8015;30714398454;FUNDACION CENTRO PREVENCION Y ATENCION;Echeq;432;GALICIA;30/04/2026;600000,0
1-8016;30709242195;FUNDACION FECUNDART;Echeq;433;GALICIA;30/04/2026;235794,6
1-8017;30716142015;GPAL BIOQUIMICA CLINICA S.A.S.;Echeq;434;GALICIA;31/05/2026;890556,78
1-8017;30716142015;GPAL BIOQUIMICA CLINICA S.A.S.;Echeq;435;GALICIA;30/06/2026;890556,78
1-8018;30709290866;GRUPO OPTICO SA;Echeq;436;GALICIA;30/04/2026;467503,92
1-8019;30698852441;IMAGENES S R L PRIVADO;Echeq;437;GALICIA;10/03/2026;169468,9
1-8020;30659560093;INSTITUTO PRIVADO DE NEONATOLOGIA Y;Echeq;438;GALICIA;31/03/2026;1979150,72
1-8020;30659560093;INSTITUTO PRIVADO DE NEONATOLOGIA Y;Echeq;439;GALICIA;30/04/2026;1979150,73
1-8021;30689768861;;Echeq;440;GALICIA;30/04/2026;197509,82
1-8022;30606141579;INSTITUTO PRIVADO DE RADIOTERAPIA S A;Echeq;441;GALICIA;30/04/2026;1780535,33
1-8022;30606141579;INSTITUTO PRIVADO DE RADIOTERAPIA S A;Echeq;10000000481;GALICIA;31/03/2026;3561070,67
1-8022;30606141579;INSTITUTO PRIVADO DE RADIOTERAPIA S A;Echeq;441;GALICIA;30/04/2026;1780535,33
1-8022;30606141579;INSTITUTO PRIVADO DE RADIOTERAPIA S A;Echeq;442;GALICIA;31/05/2026;1780535,33
1-8022;30606141579;INSTITUTO PRIVADO DE RADIOTERAPIA S A;Echeq;443;GALICIA;30/06/2026;1780535,34
1-8025;20253634872;PABLO GABRIEL MIGLIERINI;Echeq;444;GALICIA;31/05/2026;4275500,0
1-8025;20253634872;PABLO GABRIEL MIGLIERINI;Echeq;445;GALICIA;30/06/2026;4275500,01
1-8027;30677558888;PARQUE SALUD S A;Echeq;446;GALICIA;31/03/2026;214101,4
1-8029;27170037699;MERCEDES LUISA DEL V TABARES;Echeq;447;GALICIA;31/03/2026;250000,01
1-8030;30708276878;PROMET S.R.L.;Echeq;448;GALICIA;31/07/2026;2254046,34
1-8030;30708276878;PROMET S.R.L.;Echeq;449;GALICIA;31/08/2026;2254046,34
1-8031;30694300487;RESONANCIA MAGNETICA SRL;Echeq;450;GALICIA;31/03/2026;337704,35
1-8033;30642081183;ROENTGEN S A;Echeq;451;GALICIA;31/03/2026;329288,1
1-8034;30708890223;SALUD INTEGRAL SOCIEDAD ANONIMA;Echeq;452;GALICIA;10/03/2026;602447,96
1-8035;30709956880;SAN FRANCISCO SALUD-CONSORCIO DE;Echeq;453;GALICIA;31/03/2026;8030599,04
1-8037;30545879138;SANATORIO MORRA S A;Echeq;454;GALICIA;30/04/2026;4103665,54
1-8039;30715227696;;Echeq;456;GALICIA;31/03/2026;216335,8
1-8040;30716784386;SOLBO S.A.S.;Echeq;457;GALICIA;31/05/2026;226272,26
1-8040;30716784386;SOLBO S.A.S.;Echeq;458;GALICIA;30/06/2026;226272,27
1-8041;30711999074;UNIDAD DIGESTIVA BAISTROCCHI S.R.L.;Echeq;459;GALICIA;31/03/2026;608957,7
1-8041;30711999074;UNIDAD DIGESTIVA BAISTROCCHI S.R.L.;Echeq;460;GALICIA;30/04/2026;608957,7
1-8042;30546670623;UNIVERSIDAD NACIONAL DE CORDOBA;Echeq;461;GALICIA;30/04/2026;414753,0
1-8043;30712283056;DORAR S.A;Echeq;455;GALICIA;31/03/2026;997000,0
1-8044;30717880125;INDUSMED S.A.S.;Echeq;462;GALICIA;30/04/2026;900000,0
1-8044;30717880125;INDUSMED S.A.S.;Echeq;463;GALICIA;31/05/2026;900000,0
1-8045;30680565224;COSEME SA;Echeq;464;GALICIA;31/05/2026;1771475,94
1-8045;30680565224;COSEME SA;Echeq;465;GALICIA;30/06/2026;1771475,94
1-8047;30589770842;INSTITUTO CONCI CARPINELLA SRL;Echeq;470;GALICIA;30/04/2026;4716035,43
1-8047;30589770842;INSTITUTO CONCI CARPINELLA SRL;Echeq;100000471;GALICIA;31/05/2026;4716035,42
1-8048;30545894528;SOCIEDAD DE BENEFICENCIA HOSPITAL;Echeq;10000000472;GALICIA;30/04/2026;3169089,83
1-8048;30545894528;SOCIEDAD DE BENEFICENCIA HOSPITAL;Echeq;10000000473;GALICIA;31/05/2026;3169089,83
1-8048;30545894528;SOCIEDAD DE BENEFICENCIA HOSPITAL;Echeq;10000000474;GALICIA;30/06/2026;3169089,83
1-8049;30637580961;CIPREM SRL;Echeq;468;GALICIA;30/04/2026;3228271,19
1-8049;30637580961;CIPREM SRL;Echeq;469;GALICIA;31/05/2026;3228271,19
1-8050;30644610256;ASOCIACION PRESTADORES DE HEMODIALISIS Y;Echeq;466;GALICIA;30/04/2026;11573226,0
1-8050;30644610256;ASOCIACION PRESTADORES DE HEMODIALISIS Y;Echeq;467;GALICIA;31/05/2026;11573226,0
1-8051;30689767946;SANATORIO DEL SALVADOR PRIVADO SA;Echeq;10000000475;GALICIA;31/05/2026;5314721,92
1-8051;30689767946;SANATORIO DEL SALVADOR PRIVADO SA;Echeq;10000000476;GALICIA;30/06/2026;4318059,46
1-8053;30674856756;CIRCULO DE PROFESIONALES DE LA;Echeq;408;GALICIA;27/02/2026;703513,4
1-8055;30557695768;ASOCIACION MEDICA DEL DPTO SAN MARTIN;Echeq;477;GALICIA;10/03/2026;25220149,53
1-8061;30712053441;GEPREMED S.A.;Echeq;1000000482;GALICIA;10/04/2026;1565130,0
1-8093;30582622945;ERREPAR S. A.;Echeq;483;GALICIA;01/04/2026;80781,04
1-8093;30582622945;ERREPAR S. A.;Echeq;10000000484;GALICIA;30/04/2026;80781,04
1-8093;30582622945;ERREPAR S. A.;Echeq;485;GALICIA;31/05/2026;80781,04
1-8093;30582622945;ERREPAR S. A.;Echeq;10000000486;GALICIA;30/06/2026;80781,04
1-8093;30582622945;ERREPAR S. A.;Echeq;10000000487;GALICIA;31/07/2026;80781,04
1-8093;30582622945;ERREPAR S. A.;Echeq;10000000488;GALICIA;31/08/2026;80781,06
1-8107;30615571454;CLINICA PRIVADA DEL SOL S.A.;Echeq;489;GALICIA;30/04/2026;8037175,54
1-8107;30615571454;CLINICA PRIVADA DEL SOL S.A.;Echeq;490;GALICIA;31/05/2026;8037175,55
1-8118;20434500207;TOMAS FRANCISCO RAMOS;Echeq;100000480;GALICIA;03/04/2026;977440,91
1-8126;30678724447;ASOCIACION DE CLINICAS DEL NORTE DE LA;Echeq;1000000493;GALICIA;30/04/2026;17575738,76
1-8127;30644610256;ASOCIACION PRESTADORES DE HEMODIALISIS Y;Echeq;10000000494;GALICIA;30/04/2026;13476567,0
1-8127;30644610256;ASOCIACION PRESTADORES DE HEMODIALISIS Y;Echeq;10000000495;GALICIA;31/05/2026;13476567,0
1-8128;30715649159;CAMARA DE ENTIDADES DE SALUD - CES;Echeq;1000000496;GALICIA;31/05/2026;7720111,7
1-8128;30715649159;CAMARA DE ENTIDADES DE SALUD - CES;Echeq;1000000497;GALICIA;30/06/2026;7720111,71
1-8129;30714353493;CEMO S.A.;Echeq;498;GALICIA;31/05/2026;990259,58
1-8130;30715190253;CIDI S.A;Echeq;10000000499;GALICIA;30/04/2026;1128918,53
1-8130;30715190253;CIDI S.A;Echeq;10000000500;GALICIA;31/05/2026;1128918,54
1-8131;30674856756;CIRCULO DE PROFESIONALES DE LA;Echeq;1000000553;GALICIA;08/04/2026;620000,0
1-8131;30674856756;CIRCULO DE PROFESIONALES DE LA;Echeq;1000000501;GALICIA;30/04/2026;620000,0
1-8132;30682285431;CLINICA PRIVADA COAT S. R. L.;Echeq;1000000502;GALICIA;30/04/2026;180700,0
1-8133;30660567840;CLINICA PRIVADA DE LA CIUDAD SOC RESP;Echeq;1000000503;GALICIA;31/05/2026;560990,24
1-8134;30608875227;CLINICA PRIVADA INTEGRAL DE PSIQUIATRIA;Echeq;1000000504;GALICIA;31/05/2026;2092914,37
1-8134;30608875227;CLINICA PRIVADA INTEGRAL DE PSIQUIATRIA;Echeq;1000000505;GALICIA;30/06/2026;2092914,37
1-8135;30546133865;CLINICA PRIVADA JESUS MARIA DR ANIBAL;Echeq;1000000506;GALICIA;30/04/2026;360759,18
1-8136;30553588266;COLEGIO MED REG DEL SUR DE CBA;Echeq;1000000507;GALICIA;05/04/2026;910557,85
1-8137;30623442566;DE LA VILLA SERVICIOS ASISTENCIALES S.A.;Echeq;1000000508;GALICIA;31/05/2026;1117543,33
1-8137;30623442566;DE LA VILLA SERVICIOS ASISTENCIALES S.A.;Echeq;509;GALICIA;30/06/2026;1117543,34
1-8138;30602764032;ECCO S A;Echeq;1000000510;GALICIA;31/05/2026;3526727,31
1-8138;30602764032;ECCO S A;Echeq;1000000511;GALICIA;30/06/2026;3526727,31
1-8139;30708910208;EL JUNCO SERVICIOS SOCIALES SA;Echeq;100000512;GALICIA;10/04/2026;443220,0
1-8140;30717147835;ESTIX S.A.S.;Echeq;1000000513;GALICIA;30/04/2026;478647,56
1-8141;33577427009;FEDERACION DE BIOQUIMICOS DE LA;Echeq;1000000514;GALICIA;31/05/2026;2111952,5
1-8142;30714398454;FUNDACION CENTRO PREVENCION Y ATENCION;Echeq;1000000515;GALICIA;31/05/2026;600000,0
1-8143;30709242195;FUNDACION FECUNDART;Echeq;100000516;GALICIA;31/05/2026;202474,6
1-8144;30716142015;GPAL BIOQUIMICA CLINICA S.A.S.;Echeq;1000000517;GALICIA;30/06/2026;997757,02
1-8144;30716142015;GPAL BIOQUIMICA CLINICA S.A.S.;Echeq;100000518;GALICIA;31/07/2026;997757,02
1-8145;30709290866;GRUPO OPTICO SA;Echeq;521;GALICIA;31/05/2026;257664,0
1-8146;30689768861;;Echeq;1000000522;GALICIA;31/05/2026;548349,65
1-8147;30659560093;INSTITUTO PRIVADO DE NEONATOLOGIA Y;Echeq;10000000523;GALICIA;30/04/2026;4903920,06
1-8147;30659560093;INSTITUTO PRIVADO DE NEONATOLOGIA Y;Echeq;10000000524;GALICIA;31/05/2026;4903920,07
1-8148;30716824809;NEUROTEAM S.A.S.;Echeq;100000525;GALICIA;31/05/2026;2360297,44
1-8148;30716824809;NEUROTEAM S.A.S.;Echeq;100000526;GALICIA;30/06/2026;2360297,45
1-8149;30716361833;OMED MEDICINA PRIVADA SOCIEDAD DE;Echeq;527;GALICIA;30/04/2026;270031,96
1-8150;20253634872;PABLO GABRIEL MIGLIERINI;Echeq;100000528;GALICIA;30/06/2026;4275500,01
1-8150;20253634872;PABLO GABRIEL MIGLIERINI;Echeq;100000529;GALICIA;31/07/2026;4275500,0
1-8151;30677558888;PARQUE SALUD S A;Echeq;100000530;GALICIA;30/04/2026;100200,0
1-8152;30580553040;POLICLINICO PRIVADO SAN LUCAS S A;Echeq;100000531;GALICIA;10/04/2026;1448278,77
1-8153;30694300487;RESONANCIA MAGNETICA SRL;Echeq;1000000532;GALICIA;30/04/2026;614529,46
1-8154;30642081183;ROENTGEN S A;Echeq;100000533;GALICIA;30/04/2026;479354,2
1-8155;30708890223;SALUD INTEGRAL SOCIEDAD ANONIMA;Echeq;100000534;GALICIA;10/04/2026;182077,94
1-8156;30709956880;SAN FRANCISCO SALUD-CONSORCIO DE;Echeq;1000000535;GALICIA;30/04/2026;4656155,82
1-8157;30689767946;SANATORIO DEL SALVADOR PRIVADO SA;Echeq;100000536;GALICIA;30/06/2026;5518831,74
1-8157;30689767946;SANATORIO DEL SALVADOR PRIVADO SA;Echeq;100000537;GALICIA;31/07/2026;5518831,74
1-8158;33680935349;SANATORIO PRIVADO GATTI S R L;Echeq;100000538;GALICIA;30/04/2026;377356,66
1-8159;30715227696;;Echeq;1000000539;GALICIA;30/04/2026;292844,4
1-8160;30716784386;SOLBO S.A.S.;Echeq;1000000540;GALICIA;30/06/2026;1091640,1
1-8160;30716784386;SOLBO S.A.S.;Echeq;1000000541;GALICIA;31/07/2026;1091640,11
1-8161;30711999074;UNIDAD DIGESTIVA BAISTROCCHI S.R.L.;Echeq;100000542;GALICIA;31/05/2026;852571,4
1-8162;30546670623;UNIVERSIDAD NACIONAL DE CORDOBA;Echeq;1000000543;GALICIA;31/05/2026;377517,35
1-8165;30717880125;INDUSMED S.A.S.;Echeq;544;GALICIA;31/05/2026;2836000,0
1-8165;30717880125;INDUSMED S.A.S.;Echeq;100000545;GALICIA;30/06/2026;2836000,0
1-8184;30680565224;COSEME SA;Echeq;100000519;GALICIA;30/06/2026;2328893,45
1-8184;30680565224;COSEME SA;Echeq;100000520;GALICIA;31/07/2026;2328893,45
1-8214;30589770842;INSTITUTO CONCI CARPINELLA SRL;Echeq;100000546;GALICIA;31/05/2026;6530015,59
1-8214;30589770842;INSTITUTO CONCI CARPINELLA SRL;Echeq;100000547;GALICIA;30/06/2026;6530015,59
1-8222;30681218285;SOP S R L;Echeq;10000000551;GALICIA;20/04/2026;6588402,0
1-8227;30637580961;CIPREM SRL;Echeq;548;GALICIA;31/05/2026;6931224,1
1-8227;30637580961;CIPREM SRL;Echeq;1000000549;GALICIA;30/06/2026;6931224,1
1-8227;30637580961;CIPREM SRL;Echeq;550;GALICIA;31/07/2026;6931224,11
1-8235;33680935349;SANATORIO PRIVADO GATTI S R L;Echeq;1000000538;GALICIA;30/04/2026;377356,66
1-8239;30712283056;DORAR S.A;Echeq;552;GALICIA;30/04/2026;2180000,0
1-8243;30557695768;ASOCIACION MEDICA DEL DPTO SAN MARTIN;Echeq;1000000554;GALICIA;10/04/2026;21399424,78
1-8246;30645189988;SERVICIOS MEDICOS S R L;Echeq;10000000555;GALICIA;30/04/2026;5635191,95
1-8246;30645189988;SERVICIOS MEDICOS S R L;Echeq;10000000556;GALICIA;25/05/2026;12959975,8
1-8246;30645189988;SERVICIOS MEDICOS S R L;Echeq;10000000557;GALICIA;26/06/2026;7114078,95
1-8247;30545894528;SOCIEDAD DE BENEFICENCIA HOSPITAL;Echeq;1000000558;GALICIA;31/05/2026;4565822,21
1-8247;30545894528;SOCIEDAD DE BENEFICENCIA HOSPITAL;Echeq;1000000559;GALICIA;30/06/2026;4565822,22
1-8247;30545894528;SOCIEDAD DE BENEFICENCIA HOSPITAL;Echeq;1000000560;GALICIA;31/07/2026;4565822,22
1-8316;30712198709;GESTSAL S.R.L.;Echeq;1000000622;GALICIA;25/05/2026;1327760,0
1-8316;30712198709;GESTSAL S.R.L.;Echeq;1000000623;GALICIA;23/06/2026;1327760,0
1-8316;30712198709;GESTSAL S.R.L.;Echeq;100000624;GALICIA;23/07/2026;1327760,0
1-8317;30589770842;INSTITUTO CONCI CARPINELLA SRL;Echeq;617;GALICIA;30/06/2026;7187461,14
1-8317;30589770842;INSTITUTO CONCI CARPINELLA SRL;Echeq;1000000618;GALICIA;31/07/2026;7187461,15
1-8346;30689768861;;Echeq;1000000621;GALICIA;31/05/2026;317480,52
1-8347;30637580961;CIPREM SRL;Echeq;100000628;GALICIA;30/06/2026;5874920,12
1-8347;30637580961;CIPREM SRL;Echeq;100000629;GALICIA;31/07/2026;5874920,12
1-8347;30637580961;CIPREM SRL;Echeq;100000630;GALICIA;31/08/2026;5874920,13
1-8351;33577427009;FEDERACION DE BIOQUIMICOS DE LA;Echeq;10000631;GALICIA;30/06/2026;1527538,0
1-8356;30545894528;SOCIEDAD DE BENEFICENCIA HOSPITAL;Echeq;10000000632;GALICIA;30/06/2026;15051559,07
1-8356;30545894528;SOCIEDAD DE BENEFICENCIA HOSPITAL;Echeq;633;GALICIA;31/07/2026;15051559,08
1-8356;30545894528;SOCIEDAD DE BENEFICENCIA HOSPITAL;Echeq;10000000634;GALICIA;31/08/2026;15051559,08
1-8363;30680565224;COSEME SA;Echeq;1000000590;GALICIA;30/06/2026;288296,84
