N_CHEQUE;BENEFICIARIO;CUIT;FECHA_EMISION;FECHA_VENCIMIENTO;IMPORTE;ESTADO;MATCH_PLANILLA;OP_NUMERO;MODO_IMPUTACION;A_VENCER;MES_VENC;IMP_OSPEVIC;IMP_OSPIF;IMP_OSPLYFC;IMP_OSSURRBAC;IMP_OSPM;IMP_SIN_ASIGNACION
00000150;SOCIEDAD DE BENEFICENCIA HOSPITAL ITALIA;30545894528;11/12/2025;30/04/2026;21693605,78;Rechazado con acuerdo;SI;;ESTRICTO;SI;2026-04;13370360,153760139;8314948,616217121;8297,010022742954;0,0;0,0;0,0
00000158;SERVICIOS MEDICOS SRL;30645189988;15/12/2025;30/04/2026;14151024,28;Pagado;SI;;ESTRICTO;NO;2026-04;13634514,36356943;273889,8871986541;0,0;242620,0292319165;0,0;0,0
00000162;CLINICA PRIVADA CARAFFA SRL;30596272165;15/12/2025;30/04/2026;1241476,67;Aceptado;SI;;ESTRICTO;SI;2026-04;1167461,2757592378;74015,3942407622;0,0;0,0;0,0;0,0
00000201;COSEME SA;30680565224;17/12/2025;30/04/2026;1674938,14;Pagado;SI;;ESTRICTO;NO;2026-04;736865,4981545613;935400,6433829406;0,0;2671,9984624981253;0,0;0,0
00000222;GPAL BIOQUIMICA CLINICA SAS;30716142015;17/12/2025;30/04/2026;2110940,35;Pagado;SI;;ESTRICTO;NO;2026-04;293179,54023859755;929556,7442343265;573695,5421423232;314508,5233847528;0,0;0,0
00000234;PROMET S.R.L.;30708276878;17/12/2025;30/04/2026;4025624,21;Pagado;SI;;ESTRICTO;NO;2026-04;2274510,266151424;0,0;1516456,6675327942;234657,27631578187;0,0;0,0
00000236;PROMET S.R.L.;30708276878;17/12/2025;30/06/2026;4025624,21;Emitido;SI;;ESTRICTO;SI;2026-06;2274510,266151424;0,0;1516456,6675327942;234657,27631578187;0,0;0,0
00000237;PROMET S.R.L.;30708276878;17/12/2025;31/07/2026;4025624,21;Emitido;SI;;ESTRICTO;SI;2026-07;2274510,266151424;0,0;1516456,6675327942;234657,27631578187;0,0;0,0
00000235;PROMET S.R.L.;30708276878;17/12/2025;31/05/2026;4025624,21;Aceptado;SI;;ESTRICTO;SI;2026-05;2274510,266151424;0,0;1516456,6675327942;234657,27631578187;0,0;0,0
00000250;SOLBO SAS;30716784386;17/12/2025;30/04/2026;1387965,59;Pagado;SI;;ESTRICTO;NO;2026-04;831458,4696452324;500019,9597601491;29347,608381165475;6287,757037752901;20851,795175700052;0,0
00000172;AMPARAR S.R.L.;30708686499;17/12/2025;30/04/2026;4142678,24;Pagado;SI;;ESTRICTO;NO;2026-04;1254874,074309583;2130169,452211966;533645,9057581687;223988,8077202828;0,0;0,0
00000269;CIPREM S.R.L.;30637580961;06/01/2026;30/04/2026;10963537,46;Rechazado con acuerdo;SI;;ESTRICTO;SI;2026-04;10040878,487946095;0,0;922658,9720539051;0,0;0,0;0,0
00000273;ASOC PRESTADORES DE HEMODIALISIS Y TRANS;30644610256;08/01/2026;30/04/2026;10878556,83;Pagado;SI;;ESTRICTO;NO;2026-04;8379313,251937622;2499243,5780623783;0,0;0,0;0,0;0,0
00000343;GMRS S.A;30710954247;23/01/2026;30/04/2026;795000,0;Aceptado;NO;;FUERA;SI;2026-04;0,0;0,0;0,0;0,0;0,0;795000,0
00000317;ASOCIACION PRESTADORES DE HEMODIALISIS Y;30644610256;23/01/2026;30/04/2026;6821762,0;Pagado;SI;;ESTRICTO;NO;2026-04;5254527,932466985;1567234,0675330155;0,0;0,0;0,0;0,0
00000355;GPAL BIOQUIMICA CLINICA SAS;30716142015;23/01/2026;30/04/2026;547756,45;Pagado;SI;;ESTRICTO;NO;2026-04;76075,56706835715;241205,63250181495;148865,14133130494;81610,10909852292;0,0;0,0
00000318;ASOCIACION PRESTADORES DE HEMODIALISIS Y;30644610256;23/01/2026;31/05/2026;6821762,0;Emitido;SI;;ESTRICTO;SI;2026-05;5254527,932466985;1567234,0675330155;0,0;0,0;0,0;0,0
00000311;DE LA VILLA SERVICIOS ASISTENCIALES S.A;30623442566;23/01/2026;30/04/2026;731830,71;Pagado;SI;;ESTRICTO;NO;2026-04;21270,04083841588;597864,1573786332;61489,88994335707;51206,62183959395;0,0;0,0
00000356;GPAL BIOQUIMICA CLINICA SAS;30716142015;23/01/2026;31/05/2026;547756,46;Aceptado;SI;;ESTRICTO;SI;2026-05;76075,56845721469;241205,63690533466;148865,14404902997;81610,11058842065;0,0;0,0
00000302;ECCO SA;30602764032;23/01/2026;30/04/2026;3321138,9;Pagado;SI;;ESTRICTO;NO;2026-04;3321138,9;0,0;0,0;0,0;0,0;0,0
00000305;INSTITUTO PRIVADO DE RADIOTERAPIA;30606141579;23/01/2026;31/05/2026;1400000,0;Aceptado;SI;;ESTRICTO;SI;2026-05;0,0;717073,1707317074;682926,8292682926;0,0;0,0;0,0
00000333;AMPARAR S.R.L.;30708686499;23/01/2026;31/05/2026;884891,19;Aceptado;SI;;ESTRICTO;SI;2026-05;268045,6817027516;455011,96865086345;113988,71291171618;47844,82673466869;0,0;0,0
00000331;PROMET S.R.L.;30708276878;23/01/2026;31/07/2026;5647705,54;Emitido;SI;;ESTRICTO;SI;2026-07;3190999,348379384;0,0;2127496,3274316406;329209,86418897554;0,0;0,0
00000304;INSTITUTO PRIVADO DE RADIOTERAPIA;30606141579;23/01/2026;30/04/2026;1400000,0;Depósito en proceso;SI;;ESTRICTO;SI;2026-04;0,0;717073,1707317074;682926,8292682926;0,0;0,0;0,0
00000366;CLINICA PRIVADA SANTA MARIA S.A;33711273129;23/01/2026;30/04/2026;500107,44;Pagado;SI;;ESTRICTO;NO;2026-04;460493,80978844635;8999,941549339204;30613,688662214492;0,0;0,0;0,0
00000362;INDUSMED SAS;30717880125;23/01/2026;30/04/2026;4616333,34;Pagado;SI;;ESTRICTO;NO;2026-04;3072000,0;0,0;0,0;0,0;0,0;1544333,3399999999
00000288;PABLO GABRIEL MIGLIERINI;20253634872;23/01/2026;30/06/2026;5496000,0;Aceptado;NO;;FUERA;SI;2026-06;0,0;0,0;0,0;0,0;0,0;5496000,0
00000309;CLINICA PRIVADA DEL SOL SA;30615571454;23/01/2026;30/04/2026;927696,47;Depósito en proceso;SI;;ESTRICTO;SI;2026-04;787941,9060135946;31446,301378410917;108308,26260799443;0,0;0,0;0,0
00000332;AMPARAR S.R.L.;30708686499;23/01/2026;30/04/2026;884891,19;Pagado;SI;;ESTRICTO;NO;2026-04;268045,6817027516;455011,96865086345;113988,71291171618;47844,82673466869;0,0;0,0
00000330;PROMET S.R.L.;30708276878;23/01/2026;30/06/2026;5647705,53;Emitido;SI;;ESTRICTO;SI;2026-06;3190999,342729303;0,0;2127496,3236646308;329209,8636060665;0,0;0,0
00000307;CLINICA PRIVADA INTEGRAL DE PSIQUIATRIA;30608875227;23/01/2026;30/04/2026;464087,73;Depósito en proceso;SI;;ESTRICTO;SI;2026-04;345348,2644333552;46790,48692256568;7776,373459322373;39951,247701052256;24221,357483704476;0,0
00000358;SOLBO SAS;30716784386;23/01/2026;31/05/2026;401308,82;Aceptado;SI;;ESTRICTO;SI;2026-05;240403,37868342546;144573,0509989033;8485,40783296193;1818,0078637737065;6028,974620935581;0,0
00000325;IMAGENES MEDICAS SRL;30689768861;23/01/2026;30/04/2026;284693,69;Pagado;SI;;ESTRICTO;NO;2026-04;280690,3846540315;762,5749956237926;0,0;3240,730350344753;0,0;0,0
00000347;CE MO SA;30714353493;23/01/2026;30/04/2026;326018,44;Pagado;SI;;ESTRICTO;NO;2026-04;314726,68135539745;4136,006096757006;7002,88534041158;152,86720743394113;0,0;0,0
00000300;CLINICA PRIVADA CARAFFA SRL;30596272165;23/01/2026;30/04/2026;2118245,41;Pagado;SI;;ESTRICTO;NO;2026-04;1991958,0838597233;126287,32614027694;0,0;0,0;0,0;0,0
00000357;SOLBO SAS;30716784386;23/01/2026;30/04/2026;401308,81;Pagado;SI;;ESTRICTO;NO;2026-04;240403,37269294215;144573,0473963647;8485,407621518587;1818,0078184717402;6028,974470702784;0,0
00000334;COSEME SA;30680565224;23/01/2026;30/04/2026;2000264,33;Pagado;SI;;ESTRICTO;NO;2026-04;879988,1839016753;1117085,1606602897;0,0;3190,9854380352476;0,0;0,0
00000286;PABLO GABRIEL MIGLIERINI;20253634872;23/01/2026;30/04/2026;9465625,0;Pagado;NO;;FUERA;NO;2026-04;0,0;0,0;0,0;0,0;0,0;9465625,0
00000287;PABLO GABRIEL MIGLIERINI;20253634872;23/01/2026;31/05/2026;9465625,0;Aceptado;NO;;FUERA;SI;2026-05;0,0;0,0;0,0;0,0;0,0;9465625,0
00000368;CIPREM S.R.L.;30637580961;23/01/2026;31/05/2026;8364319,81;Aceptado;SI;;ESTRICTO;SI;2026-05;7660403,328117999;0,0;703916,4818819996;0,0;0,0;0,0
00000354;CAMARA DE ENTIDADES DE SALUD;30715649159;23/01/2026;30/04/2026;1293468,95;Pagado;SI;;ESTRICTO;NO;2026-04;1197692,410112835;39999,339422796154;54926,158683208276;0,0;851,0417811605193;0,0
00000367;CIPREM S.R.L.;30637580961;23/01/2026;30/04/2026;8364319,8;Pagado;SI;;ESTRICTO;NO;2026-04;7660403,3189595705;0,0;703916,4810404292;0,0;0,0;0,0
00000289;PABLO GABRIEL MIGLIERINI;20253634872;23/01/2026;31/07/2026;8086005,0;Aceptado;NO;;FUERA;SI;2026-07;0,0;0,0;0,0;0,0;0,0;8086005,0
00000335;COSEME SA;30680565224;23/01/2026;31/05/2026;2000264,33;Aceptado;SI;;ESTRICTO;SI;2026-05;879988,1839016753;1117085,1606602897;0,0;3190,9854380352476;0,0;0,0
00000376;SOCIEDAD DE BENEFICENCIA HOSPITAL ITALIA;30545894528;27/01/2026;31/05/2026;8186741,85;Aceptado;SI;;ESTRICTO;SI;2026-05;5045712,000596729;3137898,7203566805;3131,1290465913125;0,0;0,0;0,0
00000375;SOCIEDAD DE BENEFICENCIA HOSPITAL ITALIA;30545894528;27/01/2026;30/04/2026;8186741,84;Pagado;SI;;ESTRICTO;NO;2026-04;5045711,994433456;3137898,7165237777;3131,1290427666786;0,0;0,0;0,0
00000381;INSTITUTO CONCI CARPINELLA SRL;30589770842;28/01/2026;30/04/2026;5595228,6;Pagado;SI;;ESTRICTO;NO;2026-04;2368327,2723619663;1298796,254826726;1695086,794457866;233018,2783534406;0,0;0,0
00000379;SANATORIO DEL SALVADOR PRIVADO SA;30689767946;28/01/2026;31/05/2026;4287154,38;Aceptado;SI;;ESTRICTO;SI;2026-05;1711298,9133216266;2117541,011788116;0,0;0,0;458314,4548902572;0,0
00000384;SOCIEDAD DE BENEFICENCIA HOSPITAL ITALIA;30545894528;28/01/2026;31/05/2026;166619,43;Aceptado;SI;;ESTRICTO;SI;2026-05;102692,09325118596;63863,610916662714;63,72583215134454;0,0;0,0;0,0
00000383;SOCIEDAD DE BENEFICENCIA HOSPITAL ITALIA;30545894528;28/01/2026;30/04/2026;166619,43;Aceptado;SI;;ESTRICTO;SI;2026-04;102692,09325118596;63863,610916662714;63,72583215134454;0,0;0,0;0,0
00000378;SANATORIO DEL SALVADOR PRIVADO SA;30689767946;28/01/2026;30/04/2026;4287154,38;Pagado;SI;;ESTRICTO;NO;2026-04;1711298,9133216266;2117541,011788116;0,0;0,0;458314,4548902572;0,0
00000393;SERVICIOS MEDICOS SRL;30645189988;23/02/2026;30/04/2026;8885286,82;Pagado;SI;;ESTRICTO;NO;2026-04;8560975,401826117;171972,72485052145;0,0;152338,6933233615;0,0;0,0
00000431;FEDERACION DE BIOQUIMICOS DE LA PCIA DE;33577427009;27/02/2026;30/04/2026;1356730,05;Depósito en proceso;SI;1-8014;OP;SI;2026-04;1356730,05;0,0;0,0;0,0;0,0;0,0
00000411;CLINICA PRIVADA CARAFFA SRL;30596272165;27/02/2026;31/05/2026;3298665,33;Aceptado;SI;1-7997;OP;SI;2026-05;3544873,8076240006;0,0;0,0;0,0;0,0;0,0
00000448;PROMET S.R.L.;30708276878;27/02/2026;31/07/2026;2254046,34;Emitido;SI;1-8030;OP;SI;2026-07;2341024,719240235;0,0;0,0;0,0;0,0;0,0
00000441;INSTITUTO PRIVADO DE RADIOTERAPIA;30606141579;27/02/2026;30/04/2026;1780535,33;Depósito en proceso;SI;1-8022;OP;SI;2026-04;0,0;1780535,3300000003;0,0;0,0;0,0;0,0
00000465;COSEME SA;30680565224;27/02/2026;30/06/2026;1771475,94;Aceptado;SI;1-8045;OP;SI;2026-06;0,0;1771475,94;0,0;0,0;0,0;0,0
00000464;COSEME SA;30680565224;27/02/2026;31/05/2026;1771475,94;Aceptado;SI;1-8045;OP;SI;2026-05;0,0;1771475,94;0,0;0,0;0,0;0,0
00000443;INSTITUTO PRIVADO DE RADIOTERAPIA;30606141579;27/02/2026;30/06/2026;1780535,34;Anulado;SI;1-8022;OP;NO;2026-06;0,0;1780535,34;0,0;0,0;0,0;0,0
00000442;INSTITUTO PRIVADO DE RADIOTERAPIA;30606141579;27/02/2026;31/05/2026;1780535,33;Anulado;SI;1-8022;OP;NO;2026-05;0,0;1780535,3300000003;0,0;0,0;0,0;0,0
00000449;PROMET S.R.L.;30708276878;27/02/2026;31/08/2026;2254046,34;Emitido;SI;1-8030;OP;SI;2026-08;2341024,719240235;0,0;0,0;0,0;0,0;0,0
00000439;INSTITUTO PRIVADO DE NEONATOLOGIA Y PEDI;30659560093;27/02/2026;30/04/2026;1979150,73;Pagado;SI;1-8020;OP;NO;2026-04;1979150,7299999997;0,0;0,0;0,0;0,0;0,0
00000430;ESTIX SAS;30717147835;27/02/2026;30/04/2026;828884,11;Pagado;SI;1-8013;OP;NO;2026-04;0,0;0,0;828884,1100000001;0,0;0,0;0,0
00000425;DE LA VILLA SERVICIOS ASISTENCIALES S.A;30623442566;27/02/2026;30/04/2026;1085332,02;Pagado;SI;;ESTRICTO;NO;2026-04;31544,257535517198;886654,6658220312;91191,7818559451;75941,3147865066;0,0;0,0
00000422;COLEGIO MED REG DEL SUR DE CBA;30553588266;27/02/2026;30/04/2026;168577,11;Anulado;SI;;ESTRICTO;NO;2026-04;0,0;168577,11;0,0;0,0;0,0;0,0
00000423;COLEGIO MED REG DEL SUR DE CBA;30553588266;27/02/2026;31/05/2026;168577,11;Anulado;SI;;ESTRICTO;NO;2026-05;0,0;168577,11;0,0;0,0;0,0;0,0
00000440;IMAGENES MEDICAS SRL;30689768861;27/02/2026;30/04/2026;197509,82;Pagado;SI;1-8021;OP;NO;2026-04;197509,81999999998;0,0;0,0;0,0;0,0;0,0
00000457;SOLBO SAS;30716784386;27/02/2026;31/05/2026;226272,26;Aceptado;SI;1-8040;OP;SI;2026-05;226272,26;0,0;0,0;0,0;0,0;0,0
00000458;SOLBO SAS;30716784386;27/02/2026;30/06/2026;226272,27;Aceptado;SI;1-8040;OP;SI;2026-06;226272,27;0,0;0,0;0,0;0,0;0,0
00000433;FUNDACION FECUNDART;30709242195;27/02/2026;30/04/2026;235794,6;Pagado;SI;1-8016;OP;NO;2026-04;235794,6;0,0;0,0;0,0;0,0;0,0
00000412;CLINICA PRIVADA COAT SRL;30682285431;27/02/2026;30/04/2026;262233,04;Aceptado;SI;1-7998;OP;SI;2026-04;262233,04000000004;0,0;0,0;0,0;0,0;0,0
00000417;CLINICA PRIVADA INTEGRAL DE PSIQUIATRIA;30608875227;27/02/2026;31/05/2026;378314,21;Emitido;SI;1-8003;OP;SI;2026-05;378314,21;0,0;0,0;0,0;0,0;0,0
00000416;CLINICA PRIVADA INTEGRAL DE PSIQUIATRIA;30608875227;27/02/2026;30/04/2026;378314,21;Depósito en proceso;SI;1-8003;OP;SI;2026-04;378314,21;0,0;0,0;0,0;0,0;0,0
00000420;CLINICA PRIVADA SANTA MARIA S.A;33711273129;27/02/2026;30/04/2026;404513,95;Pagado;SI;1-8007;OP;NO;2026-04;404513,94999999995;0,0;0,0;0,0;0,0;0,0
00000421;CLINICA PRIVADA SANTA MARIA S.A;33711273129;27/02/2026;31/05/2026;404513,96;Aceptado;SI;1-8007;OP;SI;2026-05;404513,9599999999;0,0;0,0;0,0;0,0;0,0
00000426;DE LA VILLA SERVICIOS ASISTENCIALES S.A;30623442566;27/02/2026;31/05/2026;1085332,03;Aceptado;SI;1-8010;OP;SI;2026-05;0,0;2170664,0500000003;0,0;0,0;0,0;0,0
00000461;UNIVERSIDAD NACIONAL DE CORDOBA;30546670623;27/02/2026;30/04/2026;414753,0;Depósito en proceso;SI;1-8042;OP;SI;2026-04;414753,0;0,0;0,0;0,0;0,0;0,0
00000432;FUNDACION CENTRO PREVENCION Y;30714398454;27/02/2026;30/04/2026;600000,0;Aceptado;SI;1-8015;OP;SI;2026-04;600000,0;0,0;0,0;0,0;0,0;0,0
00000460;UNIDAD DIGESTIVA BAISTROCCHI S.R.L.;30711999074;27/02/2026;30/04/2026;608957,7;Pagado;SI;1-8041;OP;NO;2026-04;608957,7;0,0;0,0;0,0;0,0;0,0
00000414;CLINICA PRIVADA DE LA CIUDAD SRL;30660567840;27/02/2026;30/04/2026;699936,08;Pagado;SI;1-8001;OP;NO;2026-04;699936,0800000001;0,0;0,0;0,0;0,0;0,0
00000407;CIDI SA;30715190253;27/02/2026;30/04/2026;748331,4;Pagado;SI;1-7993;OP;NO;2026-04;748331,4;0,0;0,0;0,0;0,0;0,0
00000415;CLINICA PRIVADA DEL SOL SA;30615571454;27/02/2026;30/04/2026;799363,71;Pagado;SI;1-8002;OP;NO;2026-04;799363,71;0,0;0,0;0,0;0,0;0,0
00000435;GPAL BIOQUIMICA CLINICA SAS;30716142015;27/02/2026;30/06/2026;890556,78;Aceptado;SI;1-8017;OP;SI;2026-06;0,0;890556,7800000001;0,0;0,0;0,0;0,0
00000434;GPAL BIOQUIMICA CLINICA SAS;30716142015;27/02/2026;31/05/2026;890556,78;Aceptado;SI;1-8017;OP;SI;2026-05;0,0;890556,7800000001;0,0;0,0;0,0;0,0
00000462;INDUSMED SAS;30717880125;27/02/2026;30/04/2026;900000,0;Pagado;SI;1-8044;OP;NO;2026-04;900000,0;0,0;0,0;0,0;0,0;0,0
00000463;INDUSMED SAS;30717880125;27/02/2026;31/05/2026;900000,0;Aceptado;SI;1-8044;OP;SI;2026-05;900000,0;0,0;0,0;0,0;0,0;0,0
00000402;CE MO SA;30714353493;27/02/2026;30/04/2026;937002,13;Pagado;SI;1-7989;OP;NO;2026-04;937002,13;0,0;0,0;0,0;0,0;0,0
00000403;CE MO SA;30714353493;27/02/2026;31/05/2026;937002,14;Emitido;SI;1-7989;OP;SI;2026-05;937002,1399999999;0,0;0,0;0,0;0,0;0,0
00000436;GRUPO OPTICO S.A.;30709290866;27/02/2026;30/04/2026;467503,92;Aceptado;SI;1-8018;OP;SI;2026-04;467503,92000000004;0,0;0,0;0,0;0,0;0,0
00000427;ECCO SA;30602764032;27/02/2026;30/04/2026;3477713,1;Pagado;SI;1-8011;OP;NO;2026-04;3477713,0999999996;0,0;0,0;0,0;0,0;0,0
00000410;CLINICA PRIVADA DEAN FUNES S.R.L.;30708237791;27/02/2026;30/04/2026;1958959,33;Pagado;SI;1-7996;OP;NO;2026-04;1958959,33;0,0;0,0;0,0;0,0;0,0
00000397;AMPARAR S.R.L.;30708686499;27/02/2026;30/06/2026;3899487,3;Aceptado;SI;1-7984;OP;SI;2026-06;0,0;3927834,586483432;0,0;0,0;0,0;0,0
00000396;AMPARAR S.R.L.;30708686499;27/02/2026;31/05/2026;3899487,3;Aceptado;SI;1-7984;OP;SI;2026-05;0,0;3927834,586483432;0,0;0,0;0,0;0,0
00000445;PABLO GABRIEL MIGLIERINI;20253634872;27/02/2026;30/06/2026;4275500,01;Aceptado;NO;1-8025;OP;SI;2026-06;0,0;0,0;0,0;0,0;0,0;4275500,01
00000444;PABLO GABRIEL MIGLIERINI;20253634872;27/02/2026;31/05/2026;4275500,0;Aceptado;NO;1-8025;OP;SI;2026-05;0,0;0,0;0,0;0,0;0,0;4275500,0
00000428;ECCO SA;30602764032;27/02/2026;31/05/2026;3477713,1;Aceptado;SI;1-8011;OP;SI;2026-05;3477713,0999999996;0,0;0,0;0,0;0,0;0,0
00000400;CAMARA DE ENTIDADES DE SALUD;30715649159;27/02/2026;30/04/2026;5910758,6;Pagado;SI;1-7988;OP;NO;2026-04;5910758,599999999;0,0;0,0;0,0;0,0;0,0
00000454;SANATORIO MORRA SA;30545879138;27/02/2026;30/04/2026;4103665,54;Pagado;SI;1-8037;OP;NO;2026-04;0,0;0,0;0,0;0,0;4103665,54;0,0
00000401;CAMARA DE ENTIDADES DE SALUD;30715649159;27/02/2026;31/05/2026;5910758,61;Aceptado;SI;1-7988;OP;SI;2026-05;5910758,61;0,0;0,0;0,0;0,0;0,0
00000475;SANATORIO DEL SALVADOR PRIVADO SA;30689767946;05/03/2026;31/05/2026;5314721,92;Aceptado;SI;;ESTRICTO;SI;2026-05;2121471,9695497947;2625084,2946899612;0,0;0,0;568165,6557602438;0,0
00000466;ASOCIACION PRESTADORES DE HEMODIALISIS Y;30644610256;05/03/2026;30/04/2026;11573226,0;Pagado;SI;1-8050;OP;NO;2026-04;11573226,0;0,0;0,0;0,0;0,0;0,0
00000476;SANATORIO DEL SALVADOR PRIVADO SA;30689767946;05/03/2026;30/06/2026;4318059,46;Aceptado;SI;;ESTRICTO;SI;2026-06;1723635,2616618788;2132805,8631491703;0,0;0,0;461618,33518895076;0,0
00000467;ASOCIACION PRESTADORES DE HEMODIALISIS Y;30644610256;05/03/2026;31/05/2026;11573226,0;Emitido;SI;1-8050;OP;SI;2026-05;11573226,0;0,0;0,0;0,0;0,0;0,0
00000471;INSTITUTO CONCI CARPINELLA SRL;30589770842;05/03/2026;31/05/2026;4716035,42;Aceptado;SI;;ESTRICTO;SI;2026-05;1996185,6969724207;1094712,9382928493;1428733,2894026092;196403,49533212016;0,0;0,0
00000474;SOCIEDAD DE BENEFICENCIA HOSPITAL ITALIA;30545894528;05/03/2026;30/06/2026;3169089,83;Aceptado;SI;;ESTRICTO;SI;2026-06;1953196,3849819019;1214681,38417634;1212,0608417584494;0,0;0,0;0,0
00000473;SOCIEDAD DE BENEFICENCIA HOSPITAL ITALIA;30545894528;05/03/2026;31/05/2026;3169089,83;Aceptado;SI;;ESTRICTO;SI;2026-05;1953196,3849819019;1214681,38417634;1212,0608417584494;0,0;0,0;0,0
00000468;CIPREM S.R.L.;30637580961;05/03/2026;30/04/2026;3228271,19;Pagado;SI;1-8049;OP;NO;2026-04;3228271,1900000004;0,0;0,0;0,0;0,0;0,0
00000469;CIPREM S.R.L.;30637580961;05/03/2026;31/05/2026;3228271,19;Aceptado;SI;1-8049;OP;SI;2026-05;3228271,1900000004;0,0;0,0;0,0;0,0;0,0
00000470;INSTITUTO CONCI CARPINELLA SRL;30589770842;05/03/2026;30/04/2026;4716035,43;Pagado;SI;1-8047;OP;NO;2026-04;4716035,43;0,0;0,0;0,0;0,0;0,0
00000472;SOCIEDAD DE BENEFICENCIA HOSPITAL ITALIA;30545894528;05/03/2026;30/04/2026;3169089,83;Aceptado;SI;;ESTRICTO;SI;2026-04;1953196,3849819019;1214681,38417634;1212,0608417584494;0,0;0,0;0,0
00000479;TORRE FUERTE SRL;30715535064;06/03/2026;06/04/2026;747984,13;Pagado;NO;;FUERA;NO;2026-04;0,0;0,0;0,0;0,0;0,0;747984,13
00000482;GEPREMED S.A.;30712053441;11/03/2026;10/04/2026;1565130,0;Pagado;NO;;FUERA;NO;2026-04;0,0;0,0;0,0;0,0;0,0;1565130,0
00000486;ERREPAR SA;30582622945;13/03/2026;30/06/2026;80781,04;Aceptado;NO;;FUERA;SI;2026-06;0,0;0,0;0,0;0,0;0,0;80781,04
00000488;ERREPAR SA;30582622945;13/03/2026;31/08/2026;80781,06;Aceptado;NO;;FUERA;SI;2026-08;0,0;0,0;0,0;0,0;0,0;80781,06
00000484;ERREPAR SA;30582622945;13/03/2026;30/04/2026;80781,04;Pagado;NO;;FUERA;NO;2026-04;0,0;0,0;0,0;0,0;0,0;80781,04
00000485;ERREPAR SA;30582622945;13/03/2026;31/05/2026;80781,04;Aceptado;NO;1-8093;OP;SI;2026-05;0,0;0,0;0,0;0,0;0,0;80781,04000000001
00000487;ERREPAR SA;30582622945;13/03/2026;31/07/2026;80781,04;Aceptado;NO;;FUERA;SI;2026-07;0,0;0,0;0,0;0,0;0,0;80781,04
00000490;CLINICA PRIVADA DEL SOL SA;30615571454;25/03/2026;31/05/2026;8037175,55;Aceptado;SI;1-8107;OP;SI;2026-05;7977958,133600347;0,0;59217,41639965308;0,0;0,0;0,0
00000489;CLINICA PRIVADA DEL SOL SA;30615571454;25/03/2026;30/04/2026;8037175,54;Pagado;SI;1-8107;OP;NO;2026-04;7977958,123674027;0,0;59217,4163259737;0,0;0,0;0,0
00000508;DE LA VILLA SERVICIOS ASISTENCIALES S.A;30623442566;27/03/2026;31/05/2026;1117543,33;Aceptado;SI;;ESTRICTO;SI;2026-05;32480,452026670588;912969,4780430323;93898,24098613297;78195,15894416423;0,0;0,0
00000509;DE LA VILLA SERVICIOS ASISTENCIALES S.A;30623442566;27/03/2026;30/06/2026;1117543,34;Aceptado;SI;1-8137;OP;SI;2026-06;18133,12758570904;1030190,5791889208;50977,62589707544;18242,007328294872;0,0;0,0
00000540;SOLBO SAS;30716784386;27/03/2026;30/06/2026;1091640,1;Aceptado;SI;;ESTRICTO;SI;2026-06;653945,1795410638;393267,5585095486;23082,003169816566;4945,3443017043965;16400,014477866647;0,0
00000499;CIDI SA;30715190253;27/03/2026;30/04/2026;1128918,53;Pagado;SI;;ESTRICTO;NO;2026-04;906749,627772509;35498,5833740996;90748,34704650217;95921,97180688921;0,0;0,0
00000518;GPAL BIOQUIMICA CLINICA SAS;30716142015;27/03/2026;31/07/2026;997757,02;Aceptado;SI;;ESTRICTO;SI;2026-07;138574,23512390256;439364,27054802555;271162,9224933849;148655,591834687;0,0;0,0
00000517;GPAL BIOQUIMICA CLINICA SAS;30716142015;27/03/2026;30/06/2026;997757,02;Aceptado;SI;;ESTRICTO;SI;2026-06;138574,23512390256;439364,27054802555;271162,9224933849;148655,591834687;0,0;0,0
00000500;CIDI SA;30715190253;27/03/2026;31/05/2026;1128918,54;Aceptado;SI;;ESTRICTO;SI;2026-05;906749,6358045291;35498,5836885473;90748,34785035421;95921,9726565694;0,0;0,0
00000498;CE MO SA;30714353493;27/03/2026;31/05/2026;990259,58;Emitido;SI;1-8129;OP;SI;2026-05;990259,58;0,0;0,0;0,0;0,0;0,0
00000541;SOLBO SAS;30716784386;27/03/2026;31/07/2026;1091640,11;Aceptado;SI;;ESTRICTO;SI;2026-07;653945,1855315471;393267,5621120872;23082,003381259907;4945,344347006363;16400,01462809944;0,0
00000510;ECCO SA;30602764032;27/03/2026;31/05/2026;3526727,31;Aceptado;SI;;ESTRICTO;SI;2026-05;3526727,31;0,0;0,0;0,0;0,0;0,0
00000543;UNIVERSIDAD NACIONAL DE CORDOBA;30546670623;27/03/2026;31/05/2026;377517,35;Aceptado;SI;;ESTRICTO;SI;2026-05;363453,3450797395;0,0;8382,350213865191;5681,654706395297;0,0;0,0
00000537;SANATORIO DEL SALVADOR PRIVADO SA;30689767946;27/03/2026;31/07/2026;5518831,74;Emitido;SI;;ESTRICTO;SI;2026-07;2202946,2721300237;2725899,631962395;0,0;0,0;589985,8359075816;0,0
00000497;CAMARA DE ENTIDADES DE SALUD;30715649159;27/03/2026;30/06/2026;7720111,71;Aceptado;SI;;ESTRICTO;SI;2026-06;7148466,300864988;238737,36487465992;327828,57356997585;0,0;5079,470690376126;0,0
00000513;ESTIX SAS;30717147835;27/03/2026;30/04/2026;478647,56;Depósito en proceso;SI;;ESTRICTO;SI;2026-04;206921,37107064718;0,0;271726,18892935285;0,0;0,0;0,0
00000533;ROENTGEN SA;30642081183;27/03/2026;30/04/2026;479354,2;Pagado;SI;;ESTRICTO;NO;2026-04;234767,64324332713;238361,30234009592;6225,254416576926;0,0;0,0;0,0
00000504;CLINICA PRIVADA INTEGRAL DE PSIQUIATRIA;30608875227;27/03/2026;30/04/2026;378314,21;Depósito en proceso;SI;;ESTRICTO;SI;2026-04;281520,38372998114;38142,58587622165;6339,130280234969;32567,38701654082;19744,723097021437;0,0
00000522;IMAGENES MEDICAS SRL;30689768861;27/03/2026;31/05/2026;548349,65;Emitido;SI;;ESTRICTO;SI;2026-05;540638,8676313955;1468,7987357537083;0,0;6241,983632850882;0,0;0,0
00000503;CLINICA PRIVADA DE LA CIUDAD SRL;30660567840;27/03/2026;31/05/2026;560990,24;Aceptado;SI;;ESTRICTO;SI;2026-05;441115,61150778277;12882,375776356821;101168,14095216338;5824,111763697021;0,0;0,0
00000505;CLINICA PRIVADA INTEGRAL DE PSIQUIATRIA;30608875227;27/03/2026;31/05/2026;378314,21;Emitido;SI;;ESTRICTO;SI;2026-05;281520,38372998114;38142,58587622165;6339,130280234969;32567,38701654082;19744,723097021437;0,0
00000515;FUNDACION CENTRO PREVENCION Y;30714398454;27/03/2026;31/05/2026;600000,0;Aceptado;SI;;ESTRICTO;SI;2026-05;600000,0;0,0;0,0;0,0;0,0;0,0
00000532;RESONANCIA MAGNETI;30694300487;27/03/2026;30/04/2026;614529,46;Pagado;SI;;ESTRICTO;NO;2026-04;540407,1854836995;25470,13421402229;12609,352193305995;36042,78810897218;0,0;0,0
00000501;CIRC P REHABILIT S MARTIN;30674856756;27/03/2026;30/04/2026;620000,0;Anulado;SI;;ESTRICTO;NO;2026-04;0,0;620000,0;0,0;0,0;0,0;0,0
00000496;CAMARA DE ENTIDADES DE SALUD;30715649159;27/03/2026;31/05/2026;7720111,7;Aceptado;SI;;ESTRICTO;SI;2026-05;7148466,291605451;238737,3645654191;327828,57314533356;0,0;5079,470683796596;0,0
00000538;SANATORIO PRIVADO GATTI S.R.L;33680935349;27/03/2026;30/04/2026;377356,66;Repudiado;SI;;ESTRICTO;NO;2026-04;360145,38740019855;0,0;17211,2725998014;0,0;0,0;0,0
00000506;CLINICA PRIVADA JESUS MARIA DR. A.VIALE;30546133865;27/03/2026;30/04/2026;360759,18;Pagado;SI;;ESTRICTO;NO;2026-04;290082,73177638266;70676,44822361738;0,0;0,0;0,0;0,0
00000542;UNIDAD DIGESTIVA BAISTROCCHI S.R.L.;30711999074;27/03/2026;31/05/2026;852571,4;Aceptado;SI;;ESTRICTO;SI;2026-05;631412,7637019651;144093,10856899788;27847,207498727676;49218,320230309386;0,0;0,0
00000539;SCM MEDICAS SA;30715227696;27/03/2026;30/04/2026;292844,4;Pagado;SI;;ESTRICTO;NO;2026-04;206738,54622290784;86105,8537770922;0,0;0,0;0,0;0,0
00000536;SANATORIO DEL SALVADOR PRIVADO SA;30689767946;27/03/2026;30/06/2026;5518831,74;Emitido;SI;;ESTRICTO;SI;2026-06;2202946,2721300237;2725899,631962395;0,0;0,0;589985,8359075816;0,0
00000527;OMED MEDICINA PRIVADA SRL;30716361833;27/03/2026;30/04/2026;270031,96;Aceptado;SI;1-8149;OP;SI;2026-04;0,0;270031,96;0,0;0,0;0,0;0,0
00000494;ASOCIACION PRESTADORES DE HEMODIALISIS Y;30644610256;27/03/2026;30/04/2026;13476567,0;Pagado;SI;;ESTRICTO;NO;2026-04;10380455,626458794;3096111,3735412066;0,0;0,0;0,0;0,0
00000524;INSTITUTO PRIVADO DE NEONATOLOGIA Y PEDI;30659560093;27/03/2026;31/05/2026;4903920,07;Aceptado;SI;;ESTRICTO;SI;2026-05;4379091,174204996;415630,9110090823;109197,98478592161;0,0;0,0;0,0
00000511;ECCO SA;30602764032;27/03/2026;30/06/2026;3526727,31;Aceptado;SI;;ESTRICTO;SI;2026-06;3526727,31;0,0;0,0;0,0;0,0;0,0
00000544;INDUSMED SAS;30717880125;27/03/2026;31/05/2026;2836000,0;Aceptado;SI;1-8165;OP;SI;2026-05;2836000,0;0,0;0,0;0,0;0,0;0,0
00000545;INDUSMED SAS;30717880125;27/03/2026;30/06/2026;2836000,0;Aceptado;SI;;ESTRICTO;SI;2026-06;2836000,0;0,0;0,0;0,0;0,0;0,0
00000530;PARQUE SALUD S.A;30677558888;27/03/2026;30/04/2026;100200,0;Depósito en proceso;SI;;ESTRICTO;SI;2026-04;100200,0;0,0;0,0;0,0;0,0;0,0
00000526;NEUROTEAM S.A.S.;30716824809;27/03/2026;30/06/2026;2360297,45;Aceptado;SI;;ESTRICTO;SI;2026-06;2360297,45;0,0;0,0;0,0;0,0;0,0
00000525;NEUROTEAM S.A.S.;30716824809;27/03/2026;31/05/2026;2360297,44;Aceptado;SI;;ESTRICTO;SI;2026-05;2360297,44;0,0;0,0;0,0;0,0;0,0
00000519;COSEME SA;30680565224;27/03/2026;30/06/2026;2328893,45;Aceptado;SI;;ESTRICTO;SI;2026-06;1024563,94728891;1300614,2611931425;0,0;3715,241517947615;0,0;0,0
00000520;COSEME SA;30680565224;27/03/2026;31/07/2026;2328893,45;Aceptado;SI;;ESTRICTO;SI;2026-07;1024563,94728891;1300614,2611931425;0,0;3715,241517947615;0,0;0,0
00000493;ASOCIACION DE CLINICAS DEL NORTE PAMI;30678724447;27/03/2026;30/04/2026;17575738,76;Pagado;SI;;ESTRICTO;NO;2026-04;15975411,281284396;1328488,7749219653;153434,89921233497;118403,80458130469;0,0;0,0
00000514;FEDERACION DE BIOQUIMICOS DE LA PCIA DE;33577427009;27/03/2026;31/05/2026;2111952,5;Aceptado;SI;;ESTRICTO;SI;2026-05;1480642,5790661944;631309,9209338055;0,0;0,0;0,0;0,0
00000529;PABLO GABRIEL MIGLIERINI;20253634872;27/03/2026;31/07/2026;4275500,0;Aceptado;NO;;FUERA;SI;2026-07;0,0;0,0;0,0;0,0;0,0;4275500,0
00000534;SALUD INTEGRAL S A;30708890223;27/03/2026;10/04/2026;182077,94;Pagado;SI;;ESTRICTO;NO;2026-04;9650,180758309736;0,0;158225,39937653622;14202,359865154054;0,0;0,0
00000516;FUNDACION FECUNDART;30709242195;27/03/2026;31/05/2026;202474,6;Aceptado;SI;;ESTRICTO;SI;2026-05;202474,6;0,0;0,0;0,0;0,0;0,0
00000528;PABLO GABRIEL MIGLIERINI;20253634872;27/03/2026;30/06/2026;4275500,01;Aceptado;NO;;FUERA;SI;2026-06;0,0;0,0;0,0;0,0;0,0;4275500,01
00000492;AMPARAR S.R.L.;30708686499;27/03/2026;31/07/2026;1841757,56;Aceptado;SI;;ESTRICTO;SI;2026-07;557893,6328899337;947033,649587144;237249,02692253373;99581,25060038871;0,0;0,0
00000502;CLINICA PRIVADA COAT SRL;30682285431;27/03/2026;30/04/2026;180700,0;Aceptado;SI;;ESTRICTO;SI;2026-04;119638,92629264548;60941,76253124887;119,31117610565971;0,0;0,0;0,0
00000512;EL JUNCO SERVICIOS SOCIALES S.A.;30708910208;27/03/2026;10/04/2026;443220,0;Pagado;SI;;ESTRICTO;NO;2026-04;203557,34144282044;92010,7734252546;138740,43007863153;8911,455053293424;0,0;0,0
00000491;AMPARAR S.R.L.;30708686499;27/03/2026;30/06/2026;1841757,56;Aceptado;SI;;ESTRICTO;SI;2026-06;557893,6328899337;947033,649587144;237249,02692253373;99581,25060038871;0,0;0,0
00000535;SAN FRANCISCO SALUD - CONSORCIO DE COOPE;30709956880;27/03/2026;30/04/2026;4656155,82;Pagado;SI;;ESTRICTO;NO;2026-04;3396776,1827672836;1255540,4928827637;0,0;0,0;3839,1443499530096;0,0
00000531;POLICLINICO PRIVADO SAN LUCAS SA;30580553040;27/03/2026;10/04/2026;1448278,77;Pagado;SI;;ESTRICTO;NO;2026-04;1392316,0759031519;6583,120043932527;49379,57405291559;0,0;0,0;0,0
00000495;ASOCIACION PRESTADORES DE HEMODIALISIS Y;30644610256;27/03/2026;31/05/2026;13476567,0;Emitido;SI;;ESTRICTO;SI;2026-05;10380455,626458794;3096111,3735412066;0,0;0,0;0,0;0,0
00000521;GRUPO OPTICO S.A.;30709290866;27/03/2026;31/05/2026;257664,0;Aceptado;SI;1-8145;OP;SI;2026-05;217368,0;16128,0;24168,0;0,0;0,0;0,0
00000523;INSTITUTO PRIVADO DE NEONATOLOGIA Y PEDI;30659560093;27/03/2026;30/04/2026;4903920,06;Pagado;SI;;ESTRICTO;NO;2026-04;4379091,165275219;415630,9101615339;109197,9845632467;0,0;0,0;0,0
00000547;INSTITUTO CONCI CARPINELLA SRL;30589770842;30/03/2026;30/06/2026;6530015,59;Aceptado;SI;;ESTRICTO;SI;2026-06;2764000,386105014;1515784,3224228825;1978282,5663660984;271948,31510600424;0,0;0,0
00000546;INSTITUTO CONCI CARPINELLA SRL;30589770842;30/03/2026;31/05/2026;6530015,59;Aceptado;SI;;ESTRICTO;SI;2026-05;2764000,386105014;1515784,3224228825;1978282,5663660984;271948,31510600424;0,0;0,0
00000550;CIPREM S.R.L.;30637580961;30/03/2026;31/07/2026;6931224,11;Emitido;SI;1-8227;OP;SI;2026-07;5376965,997581822;0,0;1554258,1124181787;0,0;0,0;0,0
00000548;CIPREM S.R.L.;30637580961;30/03/2026;31/05/2026;6931224,1;Aceptado;SI;1-8227;OP;SI;2026-05;5376965,989824222;0,0;1554258,110175778;0,0;0,0;0,0
00000549;CIPREM S.R.L.;30637580961;30/03/2026;30/06/2026;6931224,1;Emitido;SI;;ESTRICTO;SI;2026-06;6347912,725681837;0,0;583311,3743181622;0,0;0,0;0,0
00000551;SOP SRL;30681218285;06/04/2026;20/04/2026;6588402,0;Pagado;SI;;ESTRICTO;NO;2026-04;2614295,201582001;3974106,798417999;0,0;0,0;0,0;0,0
00000552;DORAR SA;30712283056;06/04/2026;30/04/2026;2180000,0;Depósito en proceso;NO;1-8239;OP;SI;2026-04;0,0;0,0;0,0;0,0;0,0;2180000,0
00000558;SOCIEDAD DE BENEFICENCIA HOSPITAL ITALIA;30545894528;08/04/2026;31/05/2026;4565822,21;Aceptado;SI;;ESTRICTO;SI;2026-05;2814040,596331748;1750035,3538245633;1746,2598436889443;0,0;0,0;0,0
00000559;SOCIEDAD DE BENEFICENCIA HOSPITAL ITALIA;30545894528;08/04/2026;30/06/2026;4565822,22;Aceptado;SI;;ESTRICTO;SI;2026-06;2814040,6024950203;1750035,3576574663;1746,2598475135783;0,0;0,0;0,0
00000553;CIRC P REHABILIT S MARTIN;30674856756;08/04/2026;08/04/2026;620000,0;Pagado;SI;;ESTRICTO;NO;2026-04;0,0;620000,0;0,0;0,0;0,0;0,0
00000557;SERVICIOS MEDICOS SRL;30645189988;08/04/2026;25/06/2026;7114078,95;Aceptado;SI;;ESTRICTO;SI;2026-06;6854416,309950811;137691,39551909667;0,0;121971,24453009291;0,0;0,0
00000556;SERVICIOS MEDICOS SRL;30645189988;08/04/2026;25/05/2026;12959975,8;Aceptado;SI;;ESTRICTO;SI;2026-05;12486938,945214799;250837,4121706537;0,0;222199,44261454768;0,0;0,0
00000554;ASOC MEDICA DEL DPTO SAN MARTI;30557695768;08/04/2026;10/04/2026;21399424,78;Pagado;SI;;ESTRICTO;NO;2026-04;0,0;21399424,78;0,0;0,0;0,0;0,0
00000555;SERVICIOS MEDICOS SRL;30645189988;08/04/2026;30/04/2026;5635191,95;Pagado;SI;;ESTRICTO;NO;2026-04;5429508,427339496;109067,87077664911;0,0;96615,65188385507;0,0;0,0
00000560;SOCIEDAD DE BENEFICENCIA HOSPITAL ITALIA;30545894528;08/04/2026;31/07/2026;4565822,22;Aceptado;SI;;ESTRICTO;SI;2026-07;2814040,6024950203;1750035,3576574663;1746,2598475135783;0,0;0,0;0,0
00000561;PAULA BEATRIZ ARROYO;27232993273;15/04/2026;06/05/2026;1036966,1;Depósito en proceso;NO;;FUERA;SI;2026-05;0,0;0,0;0,0;0,0;0,0;1036966,1
00000562;SINEC SA;30711150591;20/04/2026;03/07/2026;5000000,0;Aceptado;NO;;FUERA;SI;2026-07;0,0;0,0;0,0;0,0;0,0;5000000,0
00000567;SINEC SA;30711150591;20/04/2026;25/07/2026;5000000,0;Aceptado;NO;;FUERA;SI;2026-07;0,0;0,0;0,0;0,0;0,0;5000000,0
00000564;SINEC SA;30711150591;20/04/2026;15/07/2026;5000000,0;Aceptado;NO;;FUERA;SI;2026-07;0,0;0,0;0,0;0,0;0,0;5000000,0
00000563;SINEC SA;30711150591;20/04/2026;09/07/2026;5000000,0;Aceptado;NO;;FUERA;SI;2026-07;0,0;0,0;0,0;0,0;0,0;5000000,0
00000566;SINEC SA;30711150591;20/04/2026;22/07/2026;5000000,0;Aceptado;NO;;FUERA;SI;2026-07;0,0;0,0;0,0;0,0;0,0;5000000,0
00000565;SINEC SA;30711150591;20/04/2026;18/07/2026;5000000,0;Aceptado;NO;;FUERA;SI;2026-07;0,0;0,0;0,0;0,0;0,0;5000000,0
00000572;ASOCIACION PRESTADORES DE HEMODIALISIS Y;30644610256;23/04/2026;30/06/2026;15719908,0;Emitido;SI;;ESTRICTO;SI;2026-06;12108410,65428715;3611497,345712851;0,0;0,0;0,0;0,0
00000597;GRUPO OPTICO S.A.;30709290866;23/04/2026;30/06/2026;248326,92;Aceptado;SI;;ESTRICTO;SI;2026-06;183457,51313252765;49930,21969323259;14939,187174239773;0,0;0,0;0,0
00000610;SAN FRANCISCO SALUD - CONSORCIO DE COOPE;30709956880;23/04/2026;31/05/2026;14769163,69;Aceptado;SI;;ESTRICTO;SI;2026-05;10774455,452305581;3982530,6058612135;0,0;0,0;12177,63183320498;0,0
00000595;FUNDACION FECUNDART;30709242195;23/04/2026;30/06/2026;216159,6;Aceptado;SI;;ESTRICTO;SI;2026-06;216159,6;0,0;0,0;0,0;0,0;0,0
00000580;CLINICA MEDITERRANEA SALUD SA;30708069791;23/04/2026;10/05/2026;119641,16;Emitido;SI;;ESTRICTO;SI;2026-05;66792,44249748117;52848,717502518826;0,0;0,0;0,0;0,0
00000573;CAMARA DE ENTIDADES DE SALUD;30715649159;23/04/2026;30/06/2026;10245241,98;Aceptado;SI;;ESTRICTO;SI;2026-06;9486620,115013503;316824,6995234792;435056,2777261464;0,0;6740,887736872019;0,0
00000574;CAMARA DE ENTIDADES DE SALUD;30715649159;23/04/2026;31/07/2026;10245241,99;Aceptado;SI;;ESTRICTO;SI;2026-07;9486620,12427304;316824,69983272004;435056,2781507886;0,0;6740,887743451549;0,0
00000575;CE MO SA;30714353493;23/04/2026;30/06/2026;153629,29;Emitido;SI;;ESTRICTO;SI;2026-06;148308,28771736333;1949,0053387178043;3299,961507695207;72,03543622366605;0,0;0,0
00000606;POLICLINICO PRIVADO SAN LUCAS SA;30580553040;23/04/2026;10/05/2026;308708,67;Emitido;SI;;ESTRICTO;SI;2026-05;296779,91068783053;1403,2286292595118;10525,530682909948;0,0;0,0;0,0
00000588;COLEGIO MEDICO DE OLIVA;30552575292;23/04/2026;05/05/2026;198776,8;Emitido;SI;;ESTRICTO;SI;2026-05;0,0;198776,8;0,0;0,0;0,0;0,0
00000614;SCM MEDICAS SA;30715227696;23/04/2026;31/05/2026;357318,6;Emitido;SI;;ESTRICTO;SI;2026-05;252255,21779622455;105063,38220377541;0,0;0,0;0,0;0,0
00000581;CLINICA PRIVADA COAT SRL;30682285431;23/04/2026;31/05/2026;263875,6;Aceptado;SI;;ESTRICTO;SI;2026-05;174708,32019273713;88993,05009956178;174,22970770108807;0,0;0,0;0,0
00000590;COSEME SA;30680565224;23/04/2026;30/06/2026;288296,84;Emitido;SI;;ESTRICTO;SI;2026-06;126832,1435578426;161004,7817176512;0,0;459,9147245062245;0,0;0,0
00000586;CLINICA PRIVADA JESUS MARIA DR. A.VIALE;30546133865;23/04/2026;31/05/2026;362211,36;Aceptado;SI;;ESTRICTO;SI;2026-05;291250,4147205312;70960,9452794688;0,0;0,0;0,0;0,0
00000571;ASOCIACION PRESTADORES DE HEMODIALISIS Y;30644610256;23/04/2026;31/05/2026;15719908,0;Emitido;SI;;ESTRICTO;SI;2026-05;12108410,65428715;3611497,345712851;0,0;0,0;0,0;0,0
00000605;PARQUE SALUD S.A;30677558888;23/04/2026;31/05/2026;167000,0;Emitido;SI;;ESTRICTO;SI;2026-05;167000,0;0,0;0,0;0,0;0,0;0,0
00000615;SOLBO SAS;30716784386;23/04/2026;30/06/2026;835406,58;Aceptado;SI;;ESTRICTO;SI;2026-06;500448,9171365966;300958,4441606825;17664,115973428983;3784,556073022013;12550,546656269826;0,0
00000583;CLINICA PRIVADA DEL SOL SA;30615571454;23/04/2026;31/05/2026;2690625,11;Aceptado;SI;;ESTRICTO;SI;2026-05;2285290,8748714305;91204,62440196633;314129,61072660313;0,0;0,0;0,0
00000602;NEUROTEAM S.A.S.;30716824809;23/04/2026;31/07/2026;2000000,0;Aceptado;SI;;ESTRICTO;SI;2026-07;2000000,0;0,0;0,0;0,0;0,0;0,0
00000584;CLINICA PRIVADA INTEGRAL DE PSIQUIATRIA;30608875227;23/04/2026;30/06/2026;2094649,95;Emitido;SI;;ESTRICTO;SI;2026-06;1558721,9356734862;211187,8525485426;35098,493721760184;180319,09397700886;109322,57407920204;0,0
00000585;CLINICA PRIVADA INTEGRAL DE PSIQUIATRIA;30608875227;23/04/2026;31/07/2026;2094649,95;Emitido;SI;;ESTRICTO;SI;2026-07;1558721,9356734862;211187,8525485426;35098,493721760184;180319,09397700886;109322,57407920204;0,0
00000601;NEUROTEAM S.A.S.;30716824809;23/04/2026;30/06/2026;2000000,0;Aceptado;SI;;ESTRICTO;SI;2026-06;2000000,0;0,0;0,0;0,0;0,0;0,0
00000596;GPAL BIOQUIMICA CLINICA SAS;30716142015;23/04/2026;31/07/2026;1867204,6;Aceptado;SI;;ESTRICTO;SI;2026-07;259328,11704480156;822227,2262668901;507454,86734745477;278194,3893408537;0,0;0,0
00000593;ECCO SA;30602764032;23/04/2026;30/06/2026;1800000,0;Aceptado;SI;;ESTRICTO;SI;2026-06;1800000,0;0,0;0,0;0,0;0,0;0,0
00000599;INSTITUTO PRIVADO DE RADIOTERAPIA;30606141579;23/04/2026;31/05/2026;2120411,7;Aceptado;SI;;ESTRICTO;SI;2026-05;0,0;1086064,5292682927;1034347,1707317074;0,0;0,0;0,0
00000600;INSTITUTO PRIVADO DE RADIOTERAPIA;30606141579;23/04/2026;30/06/2026;2120411,7;Aceptado;SI;;ESTRICTO;SI;2026-06;0,0;1086064,5292682927;1034347,1707317074;0,0;0,0;0,0
00000612;SANATORIO DEL SALVADOR PRIVADO SA;30689767946;23/04/2026;31/08/2026;2168249,46;Emitido;SI;;ESTRICTO;SI;2026-08;865497,8607764071;1070956,8045313628;0,0;0,0;231794,79469223;0,0
00000611;SANATORIO DEL SALVADOR PRIVADO SA;30689767946;23/04/2026;31/07/2026;2168249,46;Emitido;SI;;ESTRICTO;SI;2026-07;865497,8607764071;1070956,8045313628;0,0;0,0;231794,79469223;0,0
00000598;INSTITUTO PRIVADO DE NEONATOLOGIA Y PEDI;30659560093;23/04/2026;31/05/2026;1111025,04;Aceptado;SI;;ESTRICTO;SI;2026-05;992120,5642702803;94164,7381967019;24739,73753301773;0,0;0,0;0,0
00000570;ASOCIACION DE CLINICAS DEL NORTE PAMI;30678724447;23/04/2026;31/05/2026;5610779,93;Emitido;SI;;ESTRICTO;SI;2026-05;5099900,391926744;424099,28011256177;48981,69373235164;37798,56422834236;0,0;0,0
00000578;CIRCULO MEDICO REG RIO III;30566278207;23/04/2026;31/05/2026;2629719,29;Aceptado;SI;;ESTRICTO;SI;2026-05;1978112,6258831464;37021,95473555522;595906,4175720438;0,0;18678,291809254584;0,0
00000579;CLINICA PRIVADA DE ESPECIALIDADES DE VIL;30645574326;23/04/2026;10/05/2026;2676919,09;Aceptado;SI;;ESTRICTO;SI;2026-05;0,0;2676919,09;0,0;0,0;0,0;0,0
00000604;PABLO GABRIEL MIGLIERINI;20253634872;23/04/2026;31/08/2026;4275500,01;Aceptado;NO;;FUERA;SI;2026-08;0,0;0,0;0,0;0,0;0,0;4275500,01
00000603;PABLO GABRIEL MIGLIERINI;20253634872;23/04/2026;31/07/2026;4275500,0;Aceptado;NO;;FUERA;SI;2026-07;0,0;0,0;0,0;0,0;0,0;4275500,0
00000616;UNIDAD DIGESTIVA BAISTROCCHI S.R.L.;30711999074;23/04/2026;30/06/2026;793849,8;Aceptado;SI;;ESTRICTO;SI;2026-06;587923,6579860083;134168,56983342068;25929,206754323997;45828,365426247066;0,0;0,0
00000613;SANATORIO MORRA SA;30545879138;23/04/2026;31/05/2026;786281,89;Aceptado;SI;;ESTRICTO;SI;2026-05;228813,27078189707;18111,93296191992;0,0;0,0;539356,6862561831;0,0
00000607;PROMET S.R.L.;30708276878;23/04/2026;31/07/2026;2697044,27;Emitido;SI;;ESTRICTO;SI;2026-07;1523851,8451725708;0,0;1015979,2748942698;157213,14993315935;0,0;0,0
00000592;DE LA VILLA SERVICIOS ASISTENCIALES S.A;30623442566;23/04/2026;31/07/2026;758262,56;Aceptado;SI;;ESTRICTO;SI;2026-07;22038,260211083205;619457,4787742445;63710,74720623325;53056,07380843914;0,0;0,0
00000589;COLEGIO MEDICO REGIONAL ARROYITO;30555217419;23/04/2026;31/05/2026;2796015,68;Aceptado;SI;;ESTRICTO;SI;2026-05;73844,24331171575;2706493,6282145195;0,0;0,0;15677,808473765146;0,0
00000591;DE LA VILLA SERVICIOS ASISTENCIALES S.A;30623442566;23/04/2026;30/06/2026;758262,55;Aceptado;SI;;ESTRICTO;SI;2026-06;22038,259920441662;619457,470604812;63710,74636601311;53056,07310873331;0,0;0,0
00000582;CLINICA PRIVADA DE LA CIUDAD SRL;30660567840;23/04/2026;30/06/2026;629368,64;Aceptado;SI;;ESTRICTO;SI;2026-06;494882,6426952127;14452,592477071681;113499,39935210168;6534,005475613972;0,0;0,0
00000587;COLEGIO MED REG DEL SUR DE CBA;30553588266;23/04/2026;05/05/2026;574933,59;Depósito en proceso;SI;;ESTRICTO;SI;2026-05;0,0;574933,59;0,0;0,0;0,0;0,0
00000577;CIRC P REHABILIT S MARTIN;30674856756;23/04/2026;10/05/2026;542500,0;Aceptado;SI;;ESTRICTO;SI;2026-05;0,0;542500,0;0,0;0,0;0,0;0,0
00000568;AMPARAR S.R.L.;30708686499;23/04/2026;31/07/2026;3141965,86;Aceptado;SI;;ESTRICTO;SI;2026-07;951744,5651487075;1615602,1074098423;404737,4959106028;169881,6915308472;0,0;0,0
00000609;RESONANCIA MAGNETI;30694300487;23/04/2026;31/05/2026;525255,26;Aceptado;SI;;ESTRICTO;SI;2026-05;461900,9098719349;21770,025425341162;10777,560712429491;30806,763990294447;0,0;0,0
00000576;CIDI SA;30715190253;23/04/2026;31/05/2026;524038,84;Aceptado;SI;;ESTRICTO;SI;2026-05;420909,047447682;16478,280725010725;42124,96938832816;44526,54243897912;0,0;0,0
00000569;AMPARAR S.R.L.;30708686499;23/04/2026;31/08/2026;3141965,87;Aceptado;SI;;ESTRICTO;SI;2026-08;951744,5681778447;1615602,1125518528;404737,49719876924;169881,6920715332;0,0;0,0
00000594;EL JUNCO SERVICIOS SOCIALES S.A.;30708910208;23/04/2026;10/05/2026;498042,0;Aceptado;SI;;ESTRICTO;SI;2026-05;228735,40329151475;103391,61052809136;155901,2708750097;10013,715305384152;0,0;0,0
00000608;PROMET S.R.L.;30708276878;23/04/2026;31/08/2026;2697044,27;Emitido;SI;;ESTRICTO;SI;2026-08;1523851,8451725708;0,0;1015979,2748942698;157213,14993315935;0,0;0,0
00000618;INSTITUTO CONCI CARPINELLA SRL;30589770842;28/04/2026;31/07/2026;7187461,15;Aceptado;SI;;ESTRICTO;SI;2026-07;3042281,4647085383;1668394,3214281888;2177457,1428670404;299328,2209962325;0,0;0,0
00000631;FEDERACION DE BIOQUIMICOS DE LA PCIA DE;33577427009;28/04/2026;30/06/2026;1527538,0;Aceptado;SI;;ESTRICTO;SI;2026-06;1070922,6670304453;456615,3329695547;0,0;0,0;0,0;0,0
00000619;CLINICA PRIVADA CARAFFA SRL;30596272165;28/04/2026;20/05/2026;457306,48;Aceptado;SI;;ESTRICTO;SI;2026-05;430042,3998735041;27264,080126495835;0,0;0,0;0,0;0,0
00000623;GESTSAL S.R.L.;30712198709;28/04/2026;23/06/2026;1327760,0;Aceptado;NO;;FUERA;SI;2026-06;0,0;0,0;0,0;0,0;0,0;1327760,0
00000624;GESTSAL S.R.L.;30712198709;28/04/2026;23/07/2026;1327760,0;Aceptado;NO;;FUERA;SI;2026-07;0,0;0,0;0,0;0,0;0,0;1327760,0
00000622;GESTSAL S.R.L.;30712198709;28/04/2026;25/05/2026;1327760,0;Aceptado;NO;;FUERA;SI;2026-05;0,0;0,0;0,0;0,0;0,0;1327760,0
00000629;CIPREM S.R.L.;30637580961;28/04/2026;31/07/2026;5874920,12;Emitido;SI;;ESTRICTO;SI;2026-07;5380504,172720699;0,0;494415,9472793013;0,0;0,0;0,0
00000621;IMAGENES MEDICAS SRL;30689768861;28/04/2026;31/05/2026;317480,52;Emitido;SI;;ESTRICTO;SI;2026-05;313016,17285216943;850,3971624718461;0,0;3613,949985358771;0,0;0,0
00000628;CIPREM S.R.L.;30637580961;28/04/2026;30/06/2026;5874920,12;Emitido;SI;;ESTRICTO;SI;2026-06;5380504,172720699;0,0;494415,9472793013;0,0;0,0;0,0
00000630;CIPREM S.R.L.;30637580961;28/04/2026;31/08/2026;5874920,13;Emitido;SI;;ESTRICTO;SI;2026-08;5380504,181879127;0,0;494415,9481208718;0,0;0,0;0,0
00000620;CLINICA PRIVADA CARAFFA SRL;30596272165;28/04/2026;30/04/2026;366051,84;Pagado;SI;;ESTRICTO;NO;2026-04;344228,2553085886;21823,584691411404;0,0;0,0;0,0;0,0
00000625;SANATORIO PRIVADO GATTI S.R.L;33680935349;28/04/2026;30/04/2026;377356,66;Pagado;SI;;ESTRICTO;NO;2026-04;360145,38740019855;0,0;17211,2725998014;0,0;0,0;0,0
00000626;UNIVERSIDAD NACIONAL DE CORDOBA;30546670623;28/04/2026;31/05/2026;537229,1;Aceptado;SI;;ESTRICTO;SI;2026-05;517215,2047294724;0,0;11928,570862450702;8085,324408076899;0,0;0,0
00000617;INSTITUTO CONCI CARPINELLA SRL;30589770842;28/04/2026;30/06/2026;7187461,14;Aceptado;SI;1-8317;OP;SI;2026-06;3785482,9173666066;1116071,1092235986;2161086,558496628;124820,55491316786;0,0;0,0
00000627;UNIVERSIDAD NACIONAL DE CORDOBA;30546670623;28/04/2026;31/05/2026;11801,46;Aceptado;SI;;ESTRICTO;SI;2026-05;11361,809235588093;0,0;262,0382103098612;177,61255410204546;0,0;0,0
00000633;SOCIEDAD DE BENEFICENCIA HOSPITAL ITALIA;30545894528;05/05/2026;31/07/2026;15051559,08;Aceptado;SI;1-8356;OP;SI;2026-07;12138736,069354925;2909888,987311094;2934,023333983105;0,0;0,0;0,0
00000632;SOCIEDAD DE BENEFICENCIA HOSPITAL ITALIA;30545894528;05/05/2026;30/06/2026;15051559,07;Aceptado;SI;;ESTRICTO;SI;2026-06;9276685,843854908;5769116,555828127;5756,670316966441;0,0;0,0;0,0
00000634;SOCIEDAD DE BENEFICENCIA HOSPITAL ITALIA;30545894528;05/05/2026;31/08/2026;15051559,08;Aceptado;SI;;ESTRICTO;SI;2026-08;9276685,85001818;5769116,55966103;5756,670320791074;0,0;0,0;0,0
